"artist_id","date","royalties","nro_menciones_tw","evento","track_release","followers_total","sentiment","topic"
48,"2015-10-01","0.02791","2095","0","1","136",0,0
48,"2015-11-01","0.1086","878","0","0","154",0,0
48,"2015-12-01","0.04936","717","0","0","157",0,0
48,"2016-01-01","0.0017","1149","0","0","157",0,0
48,"2016-02-01","0.00588","1240","0","1","157",0,0
48,"2016-03-01","0.670959","1007","0","0","157",0,0
48,"2016-04-01","0.108486","686","1","0","158",0,0
48,"2016-05-01","268.86493","935","0","1","158",1,0
48,"2016-06-01","718.9151","1306","0","1","159",0,0
48,"2016-07-01","667.42914","1808","0","0","159",0,0
48,"2016-08-01","624.0012","956","0","1","161",0,0
48,"2016-09-01","554.65625","858","0","1","162",0,0
48,"2016-10-01","17880.67","1333","0","1","75861",1,0
48,"2016-11-01","42557.227","936","0","1","83106",0,0
48,"2016-12-01","48107.164","226","0","0","91351",0,0
48,"2017-01-01","45979.05","422","0","0","99864",0,0
48,"2017-02-01","40614.074","600","0","1","108367",1,0
48,"2017-03-01","38630.17","407","0","0","117261",0,0
48,"2017-04-01","41222.695","948","0","1","128011",0,0
48,"2017-05-01","38649.145","745","0","0","138496",0,0
48,"2017-06-01","39865.715","1110","0","1","148837",0,0
48,"2017-07-01","45939.17","1376","0","1","162866",1,0
48,"2017-08-01","42943.688","2026","0","1","181857",0,0
48,"2017-09-01","40364.195","882","0","0","195302",0,0
48,"2017-10-01","43877.45","985","0","0","208057",1,0
48,"2017-11-01","42029.82","1480","0","0","221030",0,0
48,"2017-12-01","42447.938","770","0","0","234754",0,0
48,"2018-01-01","45655.34","554","0","0","247885",0,0
48,"2018-02-01","42195.582","762","0","0","258126",0,0
48,"2018-03-01","46447.53","1264","0","1","271749",1,0
48,"2018-04-01","47241.86","1281","0","1","284502",1,0
48,"2018-05-01","42101.402","548","0","1","294496",0,0
48,"2018-06-01","37531.66","1234","0","0","306249",0,0
48,"2018-07-01","38905.758","1409","0","0","317260",0,0
48,"2018-08-01","30111.635","1522","0","1","329939",0,0
48,"2018-09-01","23780.174","1058","0","1","343296",0,0
48,"2018-10-01","33735.723","2661","0","1","363682",1,0
48,"2018-11-01","38332.418","858","0","0","377957",0,0
48,"2018-12-01","37611.79","668","0","0","391466",0,0
48,"2019-01-01","38618.16","296","0","1","403883",0,0
48,"2019-02-01","20751.867","478","0","1","415373",0,0
48,"2019-03-01","408.06833","707","0","1","427815",0,0
48,"2019-04-01","1399.4974","275","1","0","437269",0,0
48,"2019-05-01","16800.242","255","0","0","446454",0,0
48,"2019-06-01","29580.342","3272","0","1","458046",1,0
48,"2019-07-01","12785.954","2004","0","1","477869",0,0
48,"2019-08-01","3961.8787","1206","0","0","490438",0,0
48,"2019-09-01","1703.09","798","0","0","501078",0,0
48,"2019-10-01","1917.2253","1341","0","0","512210",1,0
48,"2019-11-01","9502.948","2859","0","1","524097",1,0
48,"2019-12-01","7190.2812","403","0","1","537900",0,0
48,"2020-01-01","3559.0073","563","0","0","550638",1,0
48,"2020-02-01","2886.1182","816","0","0","563022",1,0
48,"2020-03-01","2788.2166","1118","0","0","576011",1,0
48,"2020-04-01","5482.9897","831","0","1","588472",0,0
48,"2020-05-01","3742.5337","427","0","0","594448",0,0
48,"2020-06-01","3316.2356","470","0","1","604579",0,0
48,"2020-07-01","3506.0168","1012","0","1","616006",0,0
48,"2020-08-01","2935.5073","1008","0","1","626864",0,0
48,"2020-09-01","3154.034","510","0","1","637598",1,0
48,"2020-10-01","2116.1882","1148","0","1","649599",1,0
48,"2020-11-01","141.26111","1606","0","1","663274",0,0
48,"2020-12-01","141.26111","229","0","0","674060",0,0
48,"2021-01-01","2570.9546","206","0","1","683752",0,0
48,"2021-02-01","2194.9976","758","0","1","694582",0,0
48,"2021-03-01","2058.4553","189","0","0","703553",1,0
48,"2021-04-01","2088.1086","117","0","0","709289",0,0
48,"2021-05-01","1795.1578","134","0","0","713926",0,0
48,"2021-06-01","1663.0146","32","0","0","717422",0,0
48,"2021-07-01","1969.6896","179","0","1","721281",0,0
48,"2021-08-01","1752.8853","133","0","1","724903",0,0
48,"2021-09-01","1663.688","93","0","0","728048",0,0
48,"2021-10-01","1907.3292","171","0","1","732048",1,0
48,"2021-11-01","994.8758","122","0","0","732162",0,0
64,"2016-05-01","0.113963","11","0","0","342",1,0
64,"2016-06-01","0.081908","30","0","0","349",1,0
64,"2016-07-01","0.097979","103","0","0","360",1,0
64,"2016-08-01","0.109594","41","0","0","368",1,0
64,"2016-09-01","0.07176","14","0","0","375",1,0
64,"2016-10-01","0.048429","25","0","0","383",1,0
64,"2016-11-01","0.018859","94","0","0","396",0,0
64,"2016-12-01","0.018859","37","0","0","402",1,0
64,"2017-01-01","0.018859","31","0","0","408",1,0
64,"2017-02-01","4.429872","49","0","0","410",1,0
64,"2017-03-01","0.422547","29","0","0","417",1,0
64,"2017-04-01","3.428193","35","0","0","423",1,0
64,"2017-05-01","3.322899","24","0","0","427",1,0
64,"2017-06-01","1.097928","46","0","0","431",0,0
64,"2017-07-01","5.750531","27","0","0","436",1,0
64,"2017-08-01","6.656617","36","0","0","441",1,0
64,"2017-09-01","9.438829","19","0","0","444",1,0
64,"2017-10-01","12.729425","49","0","0","449",1,0
64,"2017-11-01","106.83338","102","0","0","450",1,0
64,"2017-12-01","106.67743","74","0","0","457",1,0
64,"2018-01-01","120.77861","25","0","0","469",1,0
64,"2018-02-01","141.8419","6","0","0","480",1,0
64,"2018-03-01","155.55019","21","0","0","489",1,0
64,"2018-04-01","165.6038","13","0","1","496",1,0
64,"2018-05-01","181.94083","15","0","0","503",1,0
64,"2018-06-01","165.95726","32","0","0","514",1,0
64,"2018-07-01","225.1274","21","0","0","517",1,0
64,"2018-08-01","230.62282","26","0","0","525",1,0
64,"2018-09-01","246.1347","26","0","0","531",1,0
64,"2018-10-01","337.03143","12","0","0","538",1,0
64,"2018-11-01","363.11093","12","0","0","548",1,0
64,"2018-12-01","349.09857","17","0","0","558",1,0
64,"2019-01-01","403.51172","22","0","0","561",1,0
64,"2019-02-01","338.897","14","0","0","564",1,0
64,"2019-03-01","342.8395","45","0","0","571",1,0
64,"2019-04-01","363.70865","94","0","0","587",1,0
64,"2019-05-01","391.1844","47","0","0","600",1,0
64,"2019-06-01","357.1553","228","0","0","626",1,0
64,"2019-07-01","359.41788","67","0","0","651",1,0
64,"2019-08-01","271.7322","37","0","0","674",1,0
64,"2019-09-01","287.61447","9","0","1","692",1,0
64,"2019-10-01","269.18903","24","0","0","699",1,0
64,"2019-11-01","268.60217","9","0","1","725",1,0
64,"2019-12-01","223.78395","12","0","0","743",1,0
64,"2020-01-01","230.80295","17","0","0","753",-1,0
64,"2020-02-01","219.89815","12","0","0","763",1,0
64,"2020-03-01","210.5408","13","0","0","774",1,0
64,"2020-04-01","204.79707","14","0","0","784",1,0
64,"2020-05-01","238.60269","18","0","0","798",1,0
64,"2020-06-01","249.66321","4","1","0","816",-1,0
64,"2020-07-01","261.5441","11","0","0","824",1,0
64,"2020-08-01","215.94232","9","0","0","830",1,0
64,"2020-09-01","225.2659","13","0","0","834",1,0
64,"2020-10-01","215.03482","22","0","0","845",0,0
64,"2020-11-01","224.91356","14","0","0","854",1,0
64,"2020-12-01","200.03708","25","0","0","865",1,0
64,"2021-01-01","48.818985","19","0","0","876",0,0
64,"2021-02-01","363.7855","16","0","0","882",1,0
64,"2021-03-01","422.4444","9","1","0","897",0,0
64,"2021-04-01","403.0202","2","0","0","905",-1,0
64,"2021-05-01","409.7935","2","0","0","912",1,0
64,"2021-06-01","434.3498","7","0","0","912",1,0
64,"2021-07-01","451.016","11","0","0","918",0,0
64,"2021-08-01","377.58588","4","0","0","926",0,0
64,"2021-09-01","429.26193","9","0","0","936",1,0
64,"2021-10-01","364.3364","1","0","0","941",1,0
64,"2021-11-01","166.02068","4","0","0","950",0,0
64,"2021-12-01","154.16685","3","0","0","960",1,0
64,"2022-01-01","149.6308","35","0","0","966",1,0
64,"2022-02-01","138.06004","9","0","1","1000",1,0
64,"2022-03-01","151.80812","12","0","0","1013",-1,0
64,"2022-04-01","144.88457","9","0","0","1026",1,0
64,"2022-05-01","153.18575","6","0","0","1038",1,0
64,"2022-06-01","145.28476","3","0","0","1042",0,0
64,"2022-07-01","154.27321","5","0","0","1051",1,0
64,"2022-08-01","123.392235","4","0","0","1065",1,0
64,"2022-09-01","45.8132","5","0","0","1065",0,0
86,"2016-04-01","0.038747","13","0","0","5147",0,0
86,"2016-05-01","0.50893","64","0","1","5296",1,0
86,"2016-06-01","8.728801","51","0","0","5458",0,0
86,"2016-07-01","1.916859","31","0","0","5600",0,0
86,"2016-08-01","0.215081","48","0","0","5739",0,0
86,"2016-09-01","0.154488","36","0","0","5848",1,0
86,"2016-10-01","0.21666","43","0","0","5995",1,0
86,"2016-11-01","0.207772","25","0","1","6134",0,0
86,"2016-12-01","0.002443","14","0","1","6320",1,0
86,"2017-01-01","0.001302","33","0","0","6530",0,0
86,"2017-02-01","0.620569","20","0","1","6699",0,0
86,"2017-03-01","123.00924","8","0","1","6916",1,0
86,"2017-04-01","70.989006","16","0","0","7095",0,0
86,"2017-05-01","88.944336","42","0","0","7256",1,0
86,"2017-06-01","66.6335","35","0","0","7430",0,0
86,"2017-07-01","94.58798","19","0","0","7656",0,0
86,"2017-08-01","83.11387","18","0","0","7865",1,0
86,"2017-09-01","162.21838","18","0","0","8060",0,0
86,"2017-10-01","128.56972","10","0","1","8281",1,0
86,"2017-11-01","432.0317","24","0","1","8469",0,0
86,"2017-12-01","442.57028","27","0","0","8663",0,0
86,"2018-01-01","503.22983","15","0","0","8851",1,0
86,"2018-02-01","489.29825","12","0","0","9009",1,0
86,"2018-03-01","515.31085","7","0","0","9192",1,0
86,"2018-04-01","592.382","18","0","0","9420",0,0
86,"2018-05-01","576.89954","8","0","1","9605",0,0
86,"2018-06-01","560.2593","16","0","0","9869",0,0
86,"2018-07-01","668.04706","21","0","0","10125",0,0
86,"2018-08-01","476.46753","6","0","0","10332",0,0
86,"2018-09-01","498.58377","16","0","0","10582",0,0
86,"2018-10-01","609.5371","15","0","1","10736",0,0
86,"2018-11-01","478.59305","2","0","0","10909",0,0
86,"2018-12-01","518.8015","4","0","0","11062",0,0
86,"2019-01-01","611.1993","12","0","0","11233",0,0
86,"2019-02-01","560.20624","6","0","0","11373",1,0
86,"2019-03-01","636.6445","3","0","0","11555",1,0
86,"2019-04-01","708.11725","2","0","0","11737",1,0
86,"2019-05-01","643.11554","4","0","0","11909",1,0
86,"2019-06-01","591.09326","253","0","0","12104",0,0
86,"2019-07-01","647.43317","4","0","0","12355",0,0
86,"2019-08-01","553.6309","4","0","0","12557",1,0
86,"2019-09-01","528.50726","16","0","0","12778",1,0
86,"2019-10-01","562.2784","3","0","0","12949",1,0
86,"2019-11-01","487.39017","0","0","0","13151",0,0
86,"2019-12-01","495.50964","7","0","0","13352",0,0
86,"2020-01-01","550.68994","2","0","0","13572",1,0
86,"2020-02-01","477.8539","10","0","0","13779",0,0
86,"2020-03-01","500.54602","8","0","0","13982",1,0
86,"2020-04-01","546.3418","1","0","0","14176",0,0
86,"2020-05-01","538.4291","27","0","1","14205",1,0
86,"2020-06-01","539.47705","9","0","0","14412",0,0
86,"2020-07-01","638.3981","11","0","0","14601",0,0
86,"2020-08-01","546.9014","13","0","0","14808",0,0
86,"2020-09-01","652.16174","33","0","0","14986",0,0
86,"2020-10-01","674.10315","10","1","0","15152",1,0
86,"2020-11-01","551.3263","23","0","1","15328",0,0
86,"2020-12-01","559.2718","15","0","0","15540",0,0
86,"2021-01-01","568.52295","8","0","0","15728",1,0
86,"2021-02-01","526.4455","9","0","0","15890",0,0
86,"2021-03-01","579.7791","1","0","0","16073",0,0
86,"2021-04-01","654.85187","9","1","0","16238",0,0
86,"2021-05-01","714.95605","26","0","1","16386",1,0
86,"2021-06-01","716.3139","11","0","0","16539",0,0
86,"2021-07-01","748.60956","3","0","0","16681",1,0
86,"2021-08-01","655.82477","4","1","0","16845",-1,0
86,"2021-09-01","1164.9767","0","0","0","17014",0,0
86,"2021-10-01","1754.0543","15","0","0","17213",0,0
86,"2021-11-01","1351.5973","9","1","0","17414",0,0
86,"2021-12-01","1128.8834","4","0","0","17668",0,0
86,"2022-01-01","1126.1719","1","0","0","17908",1,0
86,"2022-02-01","1067.7957","4","0","0","18074",0,0
86,"2022-03-01","1230.4343","4","1","0","18312",1,0
86,"2022-04-01","1296.2281","3","0","0","18523",0,0
86,"2022-05-01","1200.686","8","0","1","18710",1,0
86,"2022-06-01","1255.1106","14","0","0","18908",1,0
86,"2022-07-01","1375.3557","13","0","0","19167",1,0
86,"2022-08-01","1075.52","4","0","0","19365",0,0
86,"2022-09-01","1140.22","18","1","0","19503",0,0
86,"2022-10-01","987.2997","8","0","0","19664",1,0
86,"2022-11-01","593.6997","2","0","0","19826",-1,0
86,"2022-12-01","738.59467","12","1","0","19826",0,0
365,"2017-01-01","1492.46","1","0","0","2142",1,0
365,"2017-02-01","1597.6127","5","0","0","2247",1,0
365,"2017-03-01","1758.684","2","0","1","2375",1,0
365,"2017-04-01","2025.9612","0","0","0","2529",0,0
365,"2017-05-01","1657.2831","1","0","0","2656",1,0
365,"2017-06-01","1360.0748","1","0","1","2801",1,0
365,"2017-07-01","2046.6763","0","0","1","2911",0,0
365,"2017-08-01","2362.493","0","0","1","3011",0,0
365,"2017-09-01","2373.9287","1","0","1","3171",1,0
365,"2017-10-01","2479.376","0","0","0","5866",0,0
365,"2017-11-01","2017.5015","0","0","0","6013",0,0
365,"2017-12-01","1776.9199","0","0","0","6125",0,0
365,"2018-01-01","2137.2483","0","0","0","6292",0,0
365,"2018-02-01","2072.0676","0","1","0","6455",0,0
365,"2018-03-01","2803.9753","1","1","0","6678",0,0
365,"2018-04-01","2722.3333","0","0","1","6860",0,0
365,"2018-05-01","2866.8162","0","0","1","7104",0,0
365,"2018-06-01","2946.922","0","0","1","7357",0,0
365,"2018-07-01","3277.0122","1","0","1","7689",1,0
365,"2018-08-01","2694.6772","0","0","0","8015",0,0
365,"2018-09-01","2657.24","0","0","1","8274",0,0
365,"2018-10-01","2649.5447","0","0","0","8505",0,0
365,"2018-11-01","2342.154","1","0","1","8731",1,0
365,"2018-12-01","3059.6196","0","0","1","8989",0,0
365,"2019-01-01","2.740542","0","0","1","9254",0,0
365,"2019-02-01","3021.0413","0","0","1","9565",0,0
365,"2019-03-01","3022.0354","1","1","0","9877",1,0
365,"2019-04-01","2794.7068","0","0","0","10131",0,0
365,"2019-05-01","3018.5808","0","0","0","10415",0,0
365,"2019-06-01","3103.9163","0","0","1","10794",0,0
365,"2019-07-01","3021.9119","0","0","1","11113",0,0
365,"2019-08-01","2806.5437","0","0","0","11415",0,0
365,"2019-09-01","2903.1304","0","0","1","11681",0,0
365,"2019-10-01","2750.7812","0","0","0","11946",0,0
365,"2019-11-01","2428.9827","0","0","1","12317",0,0
365,"2019-12-01","2415.8188","0","0","1","13767",0,0
365,"2020-01-01","2745.6511","0","0","0","14189",0,0
365,"2020-02-01","2481.725","1","0","1","14490",1,0
365,"2020-03-01","2624.076","0","0","0","14784",0,0
365,"2020-04-01","2683.6213","0","1","1","15264",0,0
365,"2020-05-01","2455.6208","0","0","0","12337",0,0
365,"2020-06-01","2904.611","0","0","1","12672",0,0
365,"2020-07-01","2958.071","0","0","1","13189",0,0
365,"2020-08-01","2793.1836","0","0","1","13565",0,0
365,"2020-09-01","2930.489","0","0","1","13816",0,0
365,"2020-10-01","3141.4739","0","0","1","14111",0,0
365,"2020-11-01","2961.3516","0","0","1","14347",0,0
365,"2020-12-01","5400.5464","0","0","1","14620",0,0
365,"2021-01-01","5647.4463","0","1","1","14897",0,0
365,"2021-02-01","2786.271","0","0","1","15163",0,0
365,"2021-03-01","3042.6646","0","0","1","15464",0,0
365,"2021-04-01","3024.3748","1","1","1","15696",1,0
365,"2021-05-01","2897.9653","0","0","1","15957",0,0
365,"2021-06-01","3075.6655","0","0","1","16179",0,0
365,"2021-07-01","3286.959","0","0","1","16439",0,0
365,"2021-08-01","3095.9243","0","0","1","16696",0,0
365,"2021-09-01","3777.2314","1","0","1","17130",-1,4
365,"2021-10-01","2213.738","1","0","1","17526",0,0
365,"2021-11-01","3354.7168","0","0","1","17775",0,0
365,"2021-12-01","2872.8735","2","0","1","18072",-1,0
365,"2022-01-01","3005.6604","0","0","1","18262",0,0
365,"2022-02-01","2795.6157","0","0","0","17410",0,0
365,"2022-03-01","2946.69","0","0","0","17651",0,0
365,"2022-04-01","2717.865","0","0","0","17865",0,0
365,"2022-05-01","2546.375","1","0","0","18059",1,0
365,"2022-06-01","2060.1963","0","0","1","18210",0,0
365,"2022-07-01","4302.616","0","0","0","18430",0,0
365,"2022-08-01","6459.999","0","0","0","18606",0,0
365,"2022-09-01","6739.9775","0","1","0","18606",0,0
365,"2022-10-01","5729.2583","0","0","0","18533",0,0
365,"2022-11-01","2441.725","0","0","0","18722",0,0
365,"2022-12-01","4731.1865","0","0","0","18879",0,0
365,"2023-01-01","1359.0988","0","0","0","19006",0,0
365,"2023-02-01","2940.027","1","0","0","19142",0,0
365,"2023-03-01","2953.626","1","0","0","19288",-1,0
365,"2023-04-01","2758.92","1","0","0","19392",1,0
365,"2023-05-01","637.5775","0","0","0","19392",0,0
441,"2016-05-01","0.034717","43","0","0","1785",0,0
441,"2016-06-01","4.458046","22","0","0","1930",0,0
441,"2016-07-01","5.711902","10","0","0","2057",-1,0
441,"2016-08-01","1.769377","20","0","0","2174",0,0
441,"2016-09-01","1.144408","33","0","0","2263",0,0
441,"2016-10-01","3.005963","36","0","0","2393",1,0
441,"2016-11-01","1.626472","28","0","1","2555",0,0
441,"2016-12-01","0.19696","22","0","0","2759",0,0
441,"2017-01-01","0.169312","24","0","0","2983",0,0
441,"2017-02-01","6.50386","3","0","0","3248",0,0
441,"2017-03-01","70.86934","3","0","1","3577",1,0
441,"2017-04-01","215.43994","0","1","1","3938",0,0
441,"2017-05-01","177.29425","0","0","1","4168",0,0
441,"2017-06-01","177.29425","2","0","1","4365",-1,0
441,"2017-07-01","295.183","0","0","0","4598",0,0
441,"2017-08-01","307.31107","6","0","0","4809",0,0
441,"2017-09-01","419.78415","0","0","0","4998",0,0
441,"2017-10-01","549.8519","3","0","1","5214",0,0
441,"2017-11-01","6992.1875","1","0","0","5392",0,0
441,"2017-12-01","6919.313","1","0","0","5589",0,0
441,"2018-01-01","7939.007","0","0","0","5808",0,0
441,"2018-02-01","6497.7476","0","0","0","5985",0,0
441,"2018-03-01","7371.329","0","1","0","6168",0,0
441,"2018-04-01","9936.518","1","0","0","6387",0,0
441,"2018-05-01","9483.791","2","1","0","6559",0,0
441,"2018-06-01","8019.185","1","0","0","6686",0,0
441,"2018-07-01","11267.753","0","0","1","6966",0,0
441,"2018-08-01","7852.8794","0","0","0","7094",0,0
441,"2018-09-01","7212.4136","0","0","0","7249",0,0
441,"2018-10-01","9422.289","3","0","0","7407",1,4
441,"2018-11-01","7045.35","2","1","0","7522",1,0
441,"2018-12-01","6184.203","1","0","0","7621",0,0
441,"2019-01-01","7152.2456","1","0","0","7708",0,0
441,"2019-02-01","6065.332","0","0","0","7772",0,0
441,"2019-03-01","6447.2446","3","0","1","7859",0,4
441,"2019-04-01","7429.1636","5","0","0","7920",0,4
441,"2019-05-01","6776.0576","1","0","0","8014",0,0
441,"2019-06-01","3520.7234","1","0","0","8122",0,0
441,"2019-07-01","2344.0837","3","0","0","8217",-1,1
441,"2019-08-01","5244.8223","0","0","0","8307",0,0
441,"2019-09-01","15735.499","0","0","1","8515",0,0
441,"2019-10-01","19082.635","1","0","0","8738",1,0
441,"2019-11-01","11085.025","2","0","0","8869",1,0
441,"2019-12-01","9180.709","1","0","0","8995",0,1
441,"2020-01-01","5483.5894","1","0","1","9131",0,0
441,"2020-02-01","5483.5894","1","0","0","9204",1,0
441,"2020-03-01","5483.5894","0","1","0","9302",0,0
441,"2020-04-01","7081.037","2","0","0","9390",1,0
441,"2020-05-01","5782.0156","1","0","0","9367",0,0
441,"2020-06-01","5768.4346","0","0","0","9451",0,0
441,"2020-07-01","5934.1143","1","0","0","9504",1,0
441,"2020-08-01","4825.7817","0","0","0","9531",0,0
441,"2020-09-01","4725.3037","2","0","0","9550",1,0
441,"2020-10-01","5848.8145","0","0","0","9592",0,0
441,"2020-11-01","5963.4336","0","0","0","9655",0,0
441,"2020-12-01","5266.579","1","0","0","9701",0,0
441,"2021-01-01","5854.8794","0","0","0","9759",0,0
441,"2021-02-01","4781.206","0","0","1","9807",0,0
441,"2021-03-01","5946.836","1","0","0","9874",0,0
441,"2021-04-01","7198.083","2","0","0","9954",-1,0
441,"2021-05-01","7323.242","0","0","0","10042",0,0
441,"2021-06-01","6018","0","0","0","10081",0,0
441,"2021-07-01","5626.1396","0","0","0","10115",0,0
441,"2021-08-01","4647.411","2","0","0","10136",-1,0
441,"2021-09-01","6898.657","0","0","0","10152",0,0
441,"2021-10-01","10575.828","0","0","0","10177",0,0
441,"2021-11-01","9221.461","0","0","0","10208",0,0
441,"2021-12-01","4750.026","0","0","0","10243",0,0
441,"2022-01-01","4704.1113","0","0","0","10290",0,0
441,"2022-02-01","3770.7703","0","1","0","10317",0,0
441,"2022-03-01","2151.627","1","0","0","10347",-1,1
441,"2022-04-01","2103.8726","0","0","0","10358",0,0
441,"2022-05-01","1850.9337","0","0","0","10399",0,0
441,"2022-06-01","1756.882","1","0","0","10408",1,0
441,"2022-07-01","1810.2651","0","0","0","10430",0,0
441,"2022-08-01","1625.2538","1","0","0","10443",0,1
441,"2022-09-01","1697.3258","0","0","0","10451",0,0
441,"2022-10-01","1859.7734","1","0","1","10471",1,4
441,"2022-11-01","1670.4142","0","0","0","10477",0,0
441,"2022-12-01","1771.4556","0","0","0","10496",0,0
441,"2023-01-01","1795.2465","0","0","1","10518",0,0
441,"2023-02-01","1613.9006","0","0","1","10542",0,0
441,"2023-03-01","1671.6738","0","0","0","10573",0,0
441,"2023-04-01","1657.6874","0","0","0","10591",0,0
441,"2023-05-01","864.8753","0","0","0","10609",0,0
441,"2023-06-01","811.45044","0","0","0","10609",0,0
591,"2015-09-01","6.483402","9","0","0","8901",1,0
591,"2015-10-01","0.750824","1","0","0","9067",-1,0
591,"2015-11-01","0.22504","1","0","0","9223",1,4
591,"2015-12-01","0.22504","3","0","0","9402",1,0
591,"2016-01-01","0.22504","4","0","0","9582",1,0
591,"2016-02-01","0.22504","3","0","0","9735",0,0
591,"2016-03-01","0.269042","1","0","0","9926",0,0
591,"2016-04-01","0.269042","2","0","0","10097",1,0
591,"2016-05-01","0.013887","2","0","0","10284",1,0
591,"2016-06-01","0.349158","2","0","0","10454",1,4
591,"2016-07-01","0.245635","3","0","0","10637",0,0
591,"2016-08-01","0.245635","1","0","0","10819",0,0
591,"2016-09-01","0.035044","3","0","1","10972",1,4
591,"2016-10-01","0.012158","2","0","0","11134",1,0
591,"2016-11-01","0.147936","0","0","0","11297",0,0
591,"2016-12-01","0.147936","1","0","0","11468",0,0
591,"2017-01-01","0.147936","0","0","0","11654",0,0
591,"2017-02-01","5.57978","3","0","0","11804",1,0
591,"2017-03-01","0.693468","0","0","0","12008",0,0
591,"2017-04-01","8.334384","0","0","0","12167",0,0
591,"2017-05-01","12.457049","1","0","0","12312",1,0
591,"2017-06-01","6.717438","2","0","0","12357",1,0
591,"2017-07-01","40.399937","1","0","0","12403",1,0
591,"2017-08-01","112.60133","3","0","0","12519",0,0
591,"2017-09-01","62.91957","1","0","0","12692",1,0
591,"2017-10-01","137.7675","0","0","0","12852",0,0
591,"2017-11-01","576.43146","0","0","0","12944",0,0
591,"2017-12-01","670.9599","0","0","0","13021",0,0
591,"2018-01-01","655.7889","0","0","0","13147",0,0
591,"2018-02-01","626.95984","0","0","1","13279",0,0
591,"2018-03-01","683.2533","1","0","0","13470",1,0
591,"2018-04-01","615.7469","0","0","0","13590",0,0
591,"2018-05-01","546.8038","1","0","0","13720",1,0
591,"2018-06-01","579.8442","1","0","1","13870",0,0
591,"2018-07-01","578.40063","0","0","0","14032",0,0
591,"2018-08-01","564.73413","0","0","1","14207",0,0
591,"2018-09-01","529.5027","0","0","0","14347",0,0
591,"2018-10-01","508.7283","0","0","0","14479",0,0
591,"2018-11-01","489.52286","0","0","0","14637",0,0
591,"2018-12-01","558.9308","0","0","0","14793",0,0
591,"2019-01-01","608.52966","0","0","0","14927",0,0
591,"2019-02-01","551.6544","0","0","1","15068",0,0
591,"2019-03-01","620.2163","0","0","0","15217",0,0
591,"2019-04-01","636.8478","0","0","0","15520",0,0
591,"2019-05-01","633.1638","0","0","0","15675",0,0
591,"2019-06-01","669.2121","1","0","1","15838",1,4
591,"2019-07-01","754.66113","0","0","1","16080",0,0
591,"2019-08-01","941.3045","0","0","1","16288",0,0
591,"2019-09-01","927.81946","0","0","0","16451",0,0
591,"2019-10-01","1043.9468","0","0","0","16622",0,0
591,"2019-11-01","908.049","0","0","1","16793",0,0
591,"2019-12-01","780.85913","0","0","1","16933",0,0
591,"2020-01-01","666.0178","0","0","1","17099",0,0
591,"2020-02-01","635.7879","1","0","1","17242",1,0
591,"2020-03-01","717.6558","0","0","1","17386",0,0
591,"2020-04-01","735.3596","0","0","0","17579",0,0
591,"2020-05-01","723.3747","0","0","1","17518",0,0
591,"2020-06-01","730.64954","0","0","0","17678",0,0
591,"2020-07-01","756.4347","0","0","0","17880",0,0
591,"2020-08-01","333.16843","1","0","0","18038",1,0
591,"2020-09-01","672.0532","0","0","0","18183",0,0
591,"2020-10-01","716.09955","1","0","0","18353",1,4
591,"2020-11-01","697.6595","0","1","0","18492",0,0
591,"2020-12-01","635.8796","0","0","0","18602",0,0
591,"2021-01-01","712.9418","0","0","0","18767",0,0
591,"2021-02-01","708.7602","0","0","1","18918",0,0
591,"2021-03-01","728.7277","0","0","0","19098",0,0
591,"2021-04-01","618.881","0","0","1","19241",0,0
591,"2021-05-01","694.72943","0","0","0","19347",0,0
591,"2021-06-01","700.6882","0","0","1","19457",0,0
591,"2021-07-01","698.54956","0","0","0","19566",0,0
591,"2021-08-01","717.9068","0","0","0","19698",0,0
591,"2021-09-01","658.0303","0","0","1","19841",0,0
591,"2021-10-01","660.4202","1","0","0","20020",1,0
591,"2021-11-01","615.72253","0","0","0","20148",0,0
591,"2021-12-01","589.8417","0","0","0","20317",0,0
591,"2022-01-01","569.9997","0","0","0","20503",0,0
591,"2022-02-01","514.7261","0","0","1","20631",0,0
591,"2022-03-01","494.19727","0","0","0","20792",0,0
591,"2022-04-01","462.4217","0","0","0","20909",0,0
591,"2022-05-01","315.56433","0","0","0","20909",0,0
594,"2014-01-01","761.40936","15","0","0","0",0,0
594,"2014-02-01","757.6037","8","0","0","0",1,0
594,"2014-03-01","892.1371","10","0","0","0",0,0
594,"2014-04-01","926.0238","5","0","1","0",0,0
594,"2014-05-01","805.0357","6","0","0","0",0,0
594,"2014-06-01","687.38837","14","0","0","0",0,0
594,"2014-07-01","773.5061","4","0","0","0",0,0
594,"2014-08-01","460.06033","9","0","0","0",1,0
594,"2014-09-01","374.31573","9","0","0","0",0,0
594,"2014-10-01","406.1341","25","0","0","0",0,0
594,"2014-11-01","301.50504","11","0","0","0",1,0
594,"2014-12-01","384.1565","7","0","0","0",0,0
594,"2015-01-01","369.93307","10","0","0","1289",1,0
594,"2015-02-01","433.27316","3","0","0","1379",1,0
594,"2015-03-01","506.4173","8","0","0","1476",1,0
594,"2015-04-01","461.4596","9","0","0","1554",0,0
594,"2015-05-01","394.4782","7","0","0","1652",1,0
594,"2015-06-01","383.77985","7","0","0","1757",0,0
594,"2015-07-01","395.79404","4","0","0","1851",1,0
594,"2015-08-01","402.48947","7","0","0","1941",1,0
594,"2015-09-01","337.5311","10","0","1","2034",0,0
594,"2015-10-01","390.11615","6","0","0","2133",0,0
594,"2015-11-01","449.21732","5","0","0","2225",1,0
594,"2015-12-01","426.41974","5","0","0","2324",0,0
594,"2016-01-01","522.2832","5","0","0","2432",0,0
594,"2016-02-01","466.73807","6","0","1","2546",-1,4
594,"2016-03-01","491.93015","6","0","0","2667",0,0
594,"2016-04-01","590.9329","12","0","0","2781",0,0
594,"2016-05-01","468.38132","11","0","0","2877",0,0
594,"2016-06-01","474.59955","3","0","0","2990",0,0
594,"2016-07-01","486.27655","2","0","0","3072",1,0
594,"2016-08-01","461.70383","9","0","1","3192",0,0
594,"2016-09-01","485.6704","5","0","0","3288",0,0
594,"2016-10-01","547.9136","2","0","0","3472",1,0
594,"2016-11-01","447.77902","10","0","0","3792",1,0
594,"2016-12-01","529.52155","3","0","0","4022",-1,0
594,"2017-01-01","623.36145","5","0","1","4276",0,0
594,"2017-02-01","665.1589","2","0","0","4644",1,0
594,"2017-03-01","1765.2155","2","0","0","5049",1,0
594,"2017-04-01","841.1205","0","0","0","5359",0,0
594,"2017-05-01","816.9386","4","0","0","5598",0,0
594,"2017-06-01","588.3314","3","1","0","5800",-1,0
594,"2017-07-01","623.24554","1","0","0","6108",-1,0
594,"2017-08-01","592.20764","1","0","0","6398",0,0
594,"2017-09-01","623.413","1","0","0","6713",0,0
594,"2017-10-01","659.354","5","0","1","7103",0,0
594,"2017-11-01","140.73927","2","0","0","7640",0,0
594,"2017-12-01","140.73927","1","0","0","8301",0,0
594,"2018-01-01","719.75586","4","0","1","8768",0,0
594,"2018-02-01","648.4507","1","0","0","9081",0,0
594,"2018-03-01","735.8011","4","0","0","9487",0,0
594,"2018-04-01","753.624","3","0","0","9833",-1,0
594,"2018-05-01","747.2976","4","0","0","10173",1,0
594,"2018-06-01","697.8452","3","0","1","10550",-1,0
594,"2018-07-01","803.9324","2","0","0","10868",1,2
594,"2018-08-01","723.0228","8","0","1","11190",0,0
594,"2018-09-01","787.7022","3","0","1","11493",0,0
594,"2018-10-01","870.51654","2","0","1","11779",-1,0
594,"2018-11-01","779.6262","5","0","0","12038",-1,0
594,"2018-12-01","794.91254","2","0","0","12311",1,0
594,"2019-01-01","976.5561","2","0","0","12565",1,0
594,"2019-02-01","886.5605","1","0","0","12781",1,0
594,"2019-03-01","1043.0105","4","0","0","13059",1,0
594,"2019-04-01","1063.2968","1","0","0","13297",0,0
594,"2019-05-01","1065.8043","8","0","0","13548",1,0
594,"2019-06-01","1199.5936","6","1","0","13857",0,0
594,"2019-07-01","1183.7406","4","0","0","14153",-1,0
594,"2019-08-01","1018.4622","3","0","0","14411",0,0
594,"2019-09-01","1016.19354","1","0","0","14654",1,0
594,"2019-10-01","1144.3743","2","0","0","14893",1,0
594,"2019-11-01","2150.6658","4","0","0","15142",1,0
594,"2019-12-01","2087.2334","9","0","0","15467",0,0
594,"2020-01-01","2226.2122","1","0","0","15772",0,0
594,"2020-02-01","1567.6879","1","0","0","16070",0,0
594,"2020-03-01","2146.8271","0","0","0","16393",0,0
594,"2020-04-01","2690.254","4","1","1","16659",1,0
594,"2020-05-01","2568.9297","2","0","0","16828",1,0
594,"2020-06-01","2524.8962","2","0","0","17139",0,0
594,"2020-07-01","2753.42","0","0","0","17431",0,0
594,"2020-08-01","1342.4591","2","0","0","17743",-1,0
594,"2020-09-01","1912.8872","1","0","0","17997",1,0
594,"2020-10-01","4042.2866","1","0","0","18261",0,0
594,"2020-11-01","3536.155","1","0","0","18515",0,0
594,"2020-12-01","3052.2466","1","0","0","18945",0,0
594,"2021-01-01","3362.8591","0","1","1","19386",0,0
594,"2021-02-01","2853.28","1","0","0","19677",1,0
594,"2021-03-01","3751.04","1","0","1","20066",1,0
594,"2021-04-01","3721.7583","0","0","0","20363",0,0
594,"2021-05-01","2378.7104","0","0","0","20630",0,0
594,"2021-06-01","1981.884","2","0","1","20884",1,2
594,"2021-07-01","2125.743","1","1","0","21144",0,0
594,"2021-08-01","1837.0641","0","0","0","21468",0,0
594,"2021-09-01","1869.1158","0","0","0","21773",0,0
594,"2021-10-01","2132.11","0","0","1","22132",0,0
594,"2021-11-01","1920.7891","0","0","1","22419",0,0
594,"2021-12-01","1186.8075","0","0","0","22791",0,0
594,"2022-01-01","1443.9642","0","0","1","22800",0,0
837,"2015-01-01","194.26503","33","0","0","850",1,0
837,"2015-02-01","198.7493","30","0","0","957",0,0
837,"2015-03-01","223.36931","46","0","1","1077",0,0
837,"2015-04-01","237.47018","41","0","0","1180",0,0
837,"2015-05-01","199.23291","45","0","0","1279",0,0
837,"2015-06-01","219.90878","39","0","0","1369",0,0
837,"2015-07-01","236.67078","28","0","0","1467",0,0
837,"2015-08-01","174.33476","23","0","0","1581",0,0
837,"2015-09-01","145.2666","20","0","0","1692",0,0
837,"2015-10-01","161.4877","19","0","0","1786",0,0
837,"2015-11-01","140.81404","20","0","0","1878",0,0
837,"2015-12-01","165.14548","52","0","0","1972",1,0
837,"2016-01-01","136.03664","25","0","0","2072",0,0
837,"2016-02-01","162.22983","7","0","0","2152",0,0
837,"2016-03-01","186.91484","14","0","0","2230",0,0
837,"2016-04-01","162.52907","11","0","0","2312",0,0
837,"2016-05-01","172.59193","10","0","1","2395",0,0
837,"2016-06-01","187.1492","15","0","0","2467",0,0
837,"2016-07-01","161.73883","14","0","0","2519",0,0
837,"2016-08-01","149.59436","16","0","0","2561",0,0
837,"2016-09-01","181.85983","35","0","0","2625",0,0
837,"2016-10-01","210.37523","58","0","1","2890",0,0
837,"2016-11-01","590.51416","50","0","0","3651",0,0
837,"2016-12-01","411.75824","31","0","0","4546",0,0
837,"2017-01-01","378.31244","23","0","0","5496",0,0
837,"2017-02-01","307.6937","20","0","0","6659",0,0
837,"2017-03-01","457.86002","14","0","0","8322",0,0
837,"2017-04-01","310.58856","14","0","0","9766",0,0
837,"2017-05-01","288.17184","17","0","0","10753",0,0
837,"2017-06-01","353.1239","18","0","0","11673",0,0
837,"2017-07-01","401.27274","9","0","1","13001",0,0
837,"2017-08-01","336.33362","17","0","0","14635",1,0
837,"2017-09-01","351.29602","11","0","0","16443",1,0
837,"2017-10-01","346.98843","17","0","0","18339",0,0
837,"2017-11-01","589.07153","11","0","0","20028",1,0
837,"2017-12-01","553.36066","27","0","0","21807",1,0
837,"2018-01-01","305.86517","28","0","1","23366",0,0
837,"2018-02-01","249.52701","13","0","0","24937",0,0
837,"2018-03-01","280.1864","31","0","0","26662",0,0
837,"2018-04-01","263.87106","11","0","0","28146",1,0
837,"2018-05-01","269.0723","17","0","0","29584",0,0
837,"2018-06-01","294.55643","9","0","0","31188",0,0
837,"2018-07-01","265.01187","15","0","0","32492",0,0
837,"2018-08-01","260.52374","10","0","0","33623",0,0
837,"2018-09-01","260.2466","6","0","0","34911",1,0
837,"2018-10-01","266.1008","15","0","0","35869",1,0
837,"2018-11-01","254.22874","10","0","0","36723",0,0
837,"2018-12-01","230.38635","6","0","0","37625",0,0
837,"2019-01-01","249.80731","8","0","0","38279",0,0
837,"2019-02-01","286.85526","10","0","0","38842",0,0
837,"2019-03-01","308.68103","17","0","0","39474",0,0
837,"2019-04-01","145.6728","7","0","0","40005",1,0
837,"2019-05-01","210.8178","14","0","0","40490",0,0
837,"2019-06-01","262.6515","6","0","0","40975",0,0
837,"2019-07-01","271.96008","10","0","0","41567",1,0
837,"2019-08-01","243.11899","21","0","0","42159",0,0
837,"2019-09-01","251.08904","15","0","0","42764",-1,0
837,"2019-10-01","259.381","23","0","0","43325",1,0
837,"2019-11-01","246.39688","13","0","0","43818",1,0
837,"2019-12-01","216.42297","31","0","1","44477",0,0
837,"2020-01-01","235.53288","30","0","0","45068",0,0
837,"2020-02-01","214.09958","23","1","0","45592",0,0
837,"2020-03-01","286.0937","18","0","1","46236",0,0
837,"2020-04-01","296.22952","25","0","0","46815",0,0
837,"2020-05-01","274.71158","21","0","0","47181",0,0
837,"2020-06-01","311.61633","10","0","1","47779",0,0
837,"2020-07-01","315.7119","16","0","0","48453",0,0
837,"2020-08-01","289.37973","37","0","0","49013",0,0
837,"2020-09-01","419.01993","30","0","0","49592",0,0
837,"2020-10-01","418.36618","11","0","0","50192",0,0
837,"2020-11-01","302.86954","13","0","0","50796",0,0
837,"2020-12-01","309.99756","15","0","0","51586",0,0
837,"2021-01-01","546.1345","22","0","1","52433",-1,0
837,"2021-02-01","351.01892","21","0","0","53011",0,0
837,"2021-03-01","418.90887","17","0","0","53687",0,0
837,"2021-04-01","419.88202","13","0","0","54250",1,0
837,"2021-05-01","431.50665","26","0","1","54782",0,0
837,"2021-06-01","492.35587","20","0","0","55251",0,0
837,"2021-07-01","506.12225","21","0","1","55851",0,0
837,"2021-08-01","405.9311","4","0","1","56449",-1,0
837,"2021-09-01","396.1296","13","0","1","57148",1,0
837,"2021-10-01","393.9758","9","0","0","58214",0,0
837,"2021-11-01","342.8136","15","0","0","59214",1,0
837,"2021-12-01","83.11845","17","0","1","59259",0,0
1170,"2016-08-01","648.01","110","0","1","464",1,0
1170,"2016-09-01","1704.9608","134","0","1","683",1,0
1170,"2016-10-01","4960.206","154","0","0","1302",0,0
1170,"2016-11-01","3431.7437","88","0","0","1858",0,0
1170,"2016-12-01","3425.421","122","0","1","2626",0,0
1170,"2017-01-01","5133.072","184","0","0","3778",0,0
1170,"2017-02-01","6394.8374","216","0","1","5116",0,0
1170,"2017-03-01","7542.96","416","0","0","7391",0,0
1170,"2017-04-01","9316.656","384","0","0","9668",0,0
1170,"2017-05-01","14700.06","345","0","1","12421",0,0
1170,"2017-06-01","18334.432","315","0","1","15103",0,0
1170,"2017-07-01","23126.93","198","0","0","18193",0,0
1170,"2017-08-01","22067.9","206","0","1","21770",0,0
1170,"2017-09-01","5803.406","373","0","0","26097",0,0
1170,"2017-10-01","21692.66","1079","0","1","37681",0,0
1170,"2017-11-01","43498.02","652","0","0","49117",0,0
1170,"2017-12-01","44291.875","418","1","0","61668",0,0
1170,"2018-01-01","53662.332","421","0","0","75881",0,0
1170,"2018-02-01","53587.1","557","0","1","90410",0,0
1170,"2018-03-01","61892.94","380","0","0","108844",0,0
1170,"2018-04-01","66176.375","208","0","0","124416",0,0
1170,"2018-05-01","60758.113","374","0","0","140069",0,0
1170,"2018-06-01","37312.52","234","0","0","157098",0,0
1170,"2018-07-01","40739.035","297","0","0","169876",0,0
1170,"2018-08-01","40214.82","290","1","0","182921",0,0
1170,"2018-09-01","41695.28","388","0","0","196896",0,0
1170,"2018-10-01","47334.406","903","0","1","211690",0,0
1170,"2018-11-01","41069.81","295","0","0","224929",0,0
1170,"2018-12-01","40507.56","345","0","0","238292",0,0
1170,"2019-01-01","44606.2","488","0","0","252297",0,0
1170,"2019-02-01","38039.348","380","0","0","264879",0,0
1170,"2019-03-01","44343.66","380","0","1","280538",0,0
1170,"2019-04-01","44814.6","267","0","0","292593",0,0
1170,"2019-05-01","17478.621","0","0","0","304946",0,0
1170,"2019-06-01","0.170317","0","0","0","319625",0,0
1170,"2019-07-01","0.121378","1","0","1","335818",-1,0
1170,"2019-08-01","0.14892","5","0","1","353449",0,0
1170,"2019-09-01","0.14892","236","0","1","370888",0,0
1170,"2019-10-01","0.14892","384","0","0","388644",0,0
1170,"2019-11-01","0.14892","393","0","0","405728",0,0
1170,"2019-12-01","0.027211","448","0","0","427417",0,0
1170,"2020-01-01","5.309524","380","0","0","450751",0,0
1170,"2020-02-01","7.266996","1780","0","1","510623",0,0
1170,"2020-03-01","1.977086","801","0","0","560399",0,0
1170,"2020-04-01","1.067899","1439","0","0","611196",0,0
1170,"2020-05-01","1.878073","1208","0","0","662297",0,0
1170,"2020-06-01","1.381821","554","0","1","708325",0,0
1170,"2020-07-01","3.983213","724","0","1","760542",0,0
1170,"2020-08-01","7.467276","637","0","0","817111",0,0
1170,"2020-09-01","15.006669","2074","0","1","904471",0,0
1170,"2020-10-01","18018.156","706","0","0","982274",0,0
1170,"2020-11-01","44855.074","484","0","1","1081055",0,0
1170,"2020-12-01","48894.492","401","0","1","1184078",0,0
1170,"2021-01-01","55758.9","962","0","1","1295039",0,0
1170,"2021-02-01","51467.7","1642","0","1","1395663",0,0
1170,"2021-03-01","49684.266","1318","0","1","1484876",0,0
1170,"2021-04-01","44730.254","551","0","0","1543141",0,0
1170,"2021-05-01","1269.2812","174","0","0","1587791",0,0
1170,"2021-06-01","36461.086","25","0","1","1636214",0,0
1170,"2021-07-01","44801.605","13","0","1","1701323",0,0
1170,"2021-08-01","39184.79","5","0","0","1755117",1,0
1170,"2021-09-01","39323.23","6","0","1","1807766",0,0
1170,"2021-10-01","47865.45","10","0","1","1859389",1,0
1170,"2021-11-01","17304.139","340","0","0","1923254",0,0
1170,"2021-12-01","48568.312","1658","0","1","2024643",0,0
1170,"2022-01-01","2731.319","745","0","0","2091187",0,0
1170,"2022-02-01","48923.684","430","0","0","2138672",0,0
1170,"2022-03-01","1797.0122","871","0","0","2197173",0,0
1170,"2022-04-01","57120.754","264","0","0","2250156",0,0
1170,"2022-05-01","46910.156","622","0","0","2301022",0,0
1170,"2022-06-01","47799.652","1605","0","1","2420930",0,0
1170,"2022-07-01","56743.46","4480","0","1","2582343",0,0
1170,"2022-08-01","48330.42","1043","0","1","2669445",0,0
1170,"2022-09-01","58259.164","1794","0","0","2754962",0,0
1170,"2022-10-01","68005.28","998","0","0","2860249",0,0
1170,"2022-11-01","31286.773","400","1","0","2863498",0,0
1576,"2017-01-01","0.009537","2","0","0","701",1,0
1576,"2017-02-01","0.002127","1","0","0","736",1,0
1576,"2017-03-01","0.189988","0","0","0","762",0,0
1576,"2017-04-01","1.869603","1","0","0","778",0,0
1576,"2017-05-01","1.626843","0","0","0","802",0,0
1576,"2017-06-01","0.71771","2","0","0","824",1,0
1576,"2017-07-01","2.018457","0","0","0","833",0,0
1576,"2017-08-01","2.412387","1","0","0","843",1,0
1576,"2017-09-01","3.953677","3","0","1","865",1,0
1576,"2017-10-01","8.696485","1","0","1","892",1,0
1576,"2017-11-01","22.717134","4","0","1","925",1,0
1576,"2017-12-01","57.956806","3","0","0","948",0,0
1576,"2018-01-01","107.668304","3","0","0","961",1,0
1576,"2018-02-01","65.17918","1","0","0","972",1,0
1576,"2018-03-01","59.82113","2","0","0","983",0,0
1576,"2018-04-01","52.98699","2","0","0","991",-1,0
1576,"2018-05-01","24.455147","2","0","0","1007",1,0
1576,"2018-06-01","662.45374","360","1","1","1457",1,0
1576,"2018-07-01","2417.8354","140","0","0","1969",1,0
1576,"2018-08-01","2553.2253","490","0","1","2685",1,0
1576,"2018-09-01","5727.199","2076","0","0","4623",1,0
1576,"2018-10-01","1998.8079","60","0","0","5169",1,0
1576,"2018-11-01","1215.234","84","0","0","5393",1,0
1576,"2018-12-01","1611.5841","24","0","0","5625",1,0
1576,"2019-01-01","1397.7338","79","0","0","5862",1,0
1576,"2019-02-01","1486.5455","18","0","0","6057",1,0
1576,"2019-03-01","1096.9572","16","0","0","6222",1,0
1576,"2019-04-01","1071.5065","83","0","0","6371",1,0
1576,"2019-05-01","721.9305","42","0","0","6660",1,0
1576,"2019-06-01","699.13995","92","0","1","6904",1,0
1576,"2019-07-01","795.7551","5","0","0","7075",1,0
1576,"2019-08-01","1696.376","159","0","0","7764",1,0
1576,"2019-09-01","2353.817","178","0","1","8436",1,0
1576,"2019-10-01","1304.9087","21","0","0","8578",1,0
1576,"2019-11-01","1130.9185","31","1","0","8650",1,0
1576,"2019-12-01","1588.808","26","0","0","8762",1,0
1576,"2020-01-01","2166.3992","280","0","1","9485",1,0
1576,"2020-02-01","2067.5242","59","0","0","9942",1,0
1576,"2020-03-01","1177.0846","41","0","0","10135",1,0
1576,"2020-04-01","859.70905","104","0","1","10284",1,0
1576,"2020-05-01","780.3594","53","0","0","10298",0,0
1576,"2020-06-01","776.9422","32","0","1","10456",1,0
1576,"2020-07-01","885.0789","101","0","0","10585",1,0
1576,"2020-08-01","801.9987","27","0","0","10712",1,0
1576,"2020-09-01","844.70984","16","0","0","10800",1,0
1576,"2020-10-01","903.5478","2","0","0","10869",-1,0
1576,"2020-11-01","748.18256","18","0","0","10926",1,0
1576,"2020-12-01","1019.91376","15","0","1","10993",0,0
1576,"2021-01-01","949.8057","62","0","0","11086",1,0
1576,"2021-02-01","912.87823","15","0","0","11152",0,0
1576,"2021-03-01","818.04425","2","0","0","11191",1,0
1576,"2021-04-01","757.9954","63","0","0","11228",1,0
1576,"2021-05-01","653.2998","13","0","1","11275",0,0
1576,"2021-06-01","627.41","13","0","0","11327",1,0
1576,"2021-07-01","741.1853","14","0","0","11348",1,0
1576,"2021-08-01","679.0232","4","0","1","11372",1,0
1576,"2021-09-01","672.0008","14","0","0","11403",1,0
1576,"2021-10-01","516.30316","1","0","0","11429",1,0
1576,"2021-11-01","461.8284","6","0","0","11431",1,0
1576,"2021-12-01","522.3582","4","0","0","11439",0,0
1576,"2022-01-01","567.3618","5","0","0","11459",1,0
1576,"2022-02-01","517.10675","8","0","1","11467",1,0
1576,"2022-03-01","217.2723","0","0","0","11475",0,0
1576,"2022-04-01","631.9936","6","0","0","11476",1,0
1576,"2022-05-01","463.54718","1","0","0","11476",0,0
1576,"2022-06-01","341.6303","0","0","0","11494",0,0
1576,"2022-07-01","469.19604","8","0","0","11507",0,0
1576,"2022-08-01","604.44025","6","0","0","11542",1,4
1576,"2022-09-01","475.07758","0","0","0","11552",0,0
1576,"2022-10-01","610.59625","6","0","0","11571",0,0
1576,"2022-11-01","770.2705","1","0","0","11591",0,0
1576,"2022-12-01","612.0206","3","0","0","11602",1,0
1576,"2023-01-01","704.21594","0","0","0","11611",0,0
1576,"2023-02-01","724.0468","5","0","0","11634",0,0
1576,"2023-03-01","710.57416","5","0","0","11664",1,0
1576,"2023-04-01","609.5211","1","0","0","11664",1,0
1589,"2017-01-01","148.0041","2","0","0","5050",1,0
1589,"2017-02-01","139.35579","4","0","0","5109",1,0
1589,"2017-03-01","148.5159","2","0","0","5188",0,0
1589,"2017-04-01","133.18594","15","0","0","5275",0,0
1589,"2017-05-01","179.3881","20","0","1","5351",0,0
1589,"2017-06-01","189.45256","47","0","1","5393",0,0
1589,"2017-07-01","190.8955","1","0","0","5487",0,0
1589,"2017-08-01","156.17403","5","0","0","5596",0,0
1589,"2017-09-01","164.28987","0","0","1","5719",0,0
1589,"2017-10-01","193.02728","0","0","0","5823",0,0
1589,"2017-11-01","194.33614","1","0","0","5972",0,0
1589,"2017-12-01","191.5825","0","0","0","6040",0,0
1589,"2018-01-01","229.31924","11","0","1","6773",0,0
1589,"2018-02-01","209.8116","1","0","1","7864",0,0
1589,"2018-03-01","201.95543","0","0","0","9833",0,0
1589,"2018-04-01","236.20683","1","0","0","11469",0,0
1589,"2018-05-01","256.08057","5","0","0","13057",0,0
1589,"2018-06-01","470.93063","2","0","1","14403",1,4
1589,"2018-07-01","418.525","2","0","1","15934",1,0
1589,"2018-08-01","994.5002","0","0","0","18019",0,0
1589,"2018-09-01","827.7451","0","0","1","18152",0,0
1589,"2018-10-01","440.8787","1","0","0","19729",0,0
1589,"2018-11-01","703.47076","1","0","1","19851",1,0
1589,"2018-12-01","974.0175","0","0","0","19895",0,0
1589,"2019-01-01","642.71515","5","1","1","22866",0,0
1589,"2019-02-01","1004.7417","4","0","1","23747",1,0
1589,"2019-03-01","1515.3593","5","0","0","23802",0,0
1589,"2019-04-01","83.350815","2","0","0","29895",1,0
1589,"2019-05-01","1513.1738","0","0","1","30374",0,0
1589,"2019-06-01","1148.4749","0","0","0","30484",0,0
1589,"2019-07-01","1140.4904","1","0","0","30627",1,0
1589,"2019-08-01","476.1466","5","0","1","30865",1,0
1589,"2019-09-01","430.59637","0","0","0","31185",0,0
1589,"2019-10-01","441.3685","0","0","0","31672",0,0
1589,"2019-11-01","377.6341","1","0","1","32133",0,0
1589,"2019-12-01","377.40808","0","0","1","32716",0,0
1589,"2020-01-01","121.71781","3","0","0","33194",0,0
1589,"2020-02-01","8.2655","0","0","0","33595",0,0
1589,"2020-03-01","108.53119","0","0","1","34170",0,0
1589,"2020-04-01","210.97157","1","0","1","34908",0,0
1589,"2020-05-01","229.30528","1","0","1","33985",1,0
1589,"2020-06-01","210.15364","2","0","1","34665",1,0
1589,"2020-07-01","225.3635","2","0","0","35597",-1,0
1589,"2020-08-01","219.2151","0","0","0","36039",0,0
1589,"2020-09-01","200.95544","0","0","0","36935",0,0
1589,"2020-10-01","219.51727","0","0","0","37760",0,0
1589,"2020-11-01","290.40622","0","0","0","38803",0,0
1589,"2020-12-01","287.75674","0","0","0","40023",0,0
1589,"2021-01-01","207.50806","4","0","0","42386",1,0
1589,"2021-02-01","208.74689","1","0","1","42470",1,0
1589,"2021-03-01","268.16995","0","0","1","43486",0,0
1589,"2021-04-01","363.63947","0","0","0","44169",0,0
1589,"2021-05-01","336.7354","0","0","0","45026",0,0
1589,"2021-06-01","313.01944","0","0","0","45553",0,0
1589,"2021-07-01","331.43808","0","0","0","46340",0,0
1589,"2021-08-01","337.65125","0","0","0","47387",0,0
1589,"2021-09-01","315.9102","0","0","0","48545",0,0
1589,"2021-10-01","333.43793","0","0","1","49762",0,0
1589,"2021-11-01","324.35852","0","0","0","50937",0,0
1589,"2021-12-01","359.97296","0","0","1","51958",0,0
1589,"2022-01-01","1.9374","1","0","0","52786",1,0
1589,"2022-02-01","6.43941","0","0","0","52347",0,0
1589,"2022-03-01","23.048103","0","0","0","53095",0,0
1589,"2022-04-01","352.73755","0","0","1","54017",0,0
1589,"2022-05-01","371.19348","0","0","0","55063",0,0
1589,"2022-06-01","428.7977","0","0","1","56438",0,0
1589,"2022-07-01","462.4453","1","0","1","58755",1,0
1589,"2022-08-01","801.532","0","0","1","61621",0,0
1589,"2022-09-01","468.25095","0","0","0","63980",0,0
1589,"2022-10-01","368.26706","0","0","0","66394",0,0
1589,"2022-11-01","333.48102","5","0","1","69332",0,0
1589,"2022-12-01","347.74307","0","0","1","71887",0,0
1589,"2023-01-01","328.9824","2","0","0","74296",1,0
1589,"2023-02-01","355.03192","0","0","0","76308",0,0
1589,"2023-03-01","447.57037","1","0","1","78583",0,0
1589,"2023-04-01","260.24808","0","0","0","78583",0,0
1935,"2018-01-01","0.031936","4","0","0","13441",0,0
1935,"2018-02-01","0.031936","5","0","1","19450",1,0
1935,"2018-03-01","0.031936","9","0","1","25673",1,0
1935,"2018-04-01","0.031936","3","0","0","31622",0,0
1935,"2018-05-01","0.059586","4","0","0","37624",-1,4
1935,"2018-06-01","13.1912","6","0","0","53316",1,4
1935,"2018-07-01","14.009423","10","0","0","72832",-1,0
1935,"2018-08-01","12.447113","8","0","0","93577",0,0
1935,"2018-09-01","18.87984","12","0","1","113278",1,0
1935,"2018-10-01","22.327145","12","0","1","133034",0,0
1935,"2018-11-01","32.270683","8","0","0","158844",1,0
1935,"2018-12-01","630.2693","7","0","0","190888",0,0
1935,"2019-01-01","852.1946","8","0","0","219958",1,0
1935,"2019-02-01","964.5955","2","0","1","243857",1,0
1935,"2019-03-01","1246.2208","4","0","1","271988",0,0
1935,"2019-04-01","2996.0723","25","0","0","292595",-1,0
1935,"2019-05-01","26483.756","2","0","0","310242",-1,2
1935,"2019-06-01","40922.95","6","0","1","320858",0,0
1935,"2019-07-01","41092.723","3","0","1","333162",-1,0
1935,"2019-08-01","41867.7","1","0","1","342478",0,0
1935,"2019-09-01","25123.324","4","1","1","351213",-1,0
1935,"2019-10-01","31058.652","2","0","1","359826",1,0
1935,"2019-11-01","4395.2383","2","0","0","367790",-1,0
1935,"2019-12-01","49793.676","5","0","0","378072",1,0
1935,"2020-01-01","74987.6","3","0","1","389891",1,0
1935,"2020-02-01","74352.71","5","0","1","401971",1,0
1935,"2020-03-01","61116.203","6","0","1","415716",0,0
1935,"2020-04-01","48478.41","3","0","0","429600",0,0
1935,"2020-05-01","42005.945","2","0","0","439141",1,0
1935,"2020-06-01","40573.55","6","0","1","452969",0,0
1935,"2020-07-01","39882","2","0","0","467203",1,2
1935,"2020-08-01","18821.867","1","0","0","478615",0,4
1935,"2020-09-01","18716.992","0","0","1","488186",0,0
1935,"2020-10-01","31375.885","5","0","0","498603",1,0
1935,"2020-11-01","32496.043","1","0","0","507267",1,0
1935,"2020-12-01","307.02393","1","0","0","520264",0,4
1935,"2021-01-01","17175.97","3","0","0","532589",0,0
1935,"2021-02-01","30467.871","1","0","1","538968",1,0
1935,"2021-03-01","34877.723","2","0","1","545772",-1,2
1935,"2021-04-01","31031.549","1","0","1","550194",-1,0
1935,"2021-05-01","30094.916","1","0","1","554075",0,0
1935,"2021-06-01","29820.666","2","0","1","556602",-1,0
1935,"2021-07-01","20493.861","0","0","0","560196",0,0
1935,"2021-08-01","14075.887","2","0","0","565038",1,0
1935,"2021-09-01","14875.881","0","0","0","569646",0,0
1935,"2021-10-01","16175.278","3","0","0","574689",1,0
1935,"2021-11-01","25709.238","0","0","0","578980",0,0
1935,"2021-12-01","29543.082","1","0","1","584187",0,0
1935,"2022-01-01","27457.38","1","0","0","589535",0,0
1935,"2022-02-01","24858.33","0","0","0","593042",0,0
1935,"2022-03-01","25479.988","0","0","0","597881",0,0
1935,"2022-04-01","20528.277","1","0","1","601276",0,0
1935,"2022-05-01","22272","0","0","1","604344",0,0
1935,"2022-06-01","10901.266","0","0","1","604344",0,0
1935,"2022-07-01","12265.644","1","0","0","605272",0,0
1935,"2022-08-01","8588.357","2","0","1","605311",0,2
1935,"2022-09-01","4510.822","1","0","0","605311",1,0
1935,"2022-10-01","6773.5723","3","0","0","606059",1,0
1935,"2022-11-01","8885.779","1","0","1","608681",1,4
1935,"2022-12-01","4998.9233","2","0","0","608681",1,2
2177,"2017-02-01","30.360142","4","0","0","10721",0,0
2177,"2017-03-01","21.614153","3","0","0","11192",1,0
2177,"2017-04-01","62.19788","4","0","0","11621",1,0
2177,"2017-05-01","60.388317","20","0","1","12113",0,0
2177,"2017-06-01","26.71787","2","0","0","12436",1,0
2177,"2017-07-01","92.822716","2","0","0","12768",1,0
2177,"2017-08-01","118.41406","1","0","0","13191",1,0
2177,"2017-09-01","125.31922","2","0","0","13602",1,4
2177,"2017-10-01","249.06866","10","0","1","14112",1,0
2177,"2017-11-01","1997.9574","8","0","1","14530",-1,0
2177,"2017-12-01","3269.0156","2","0","0","14983",-1,0
2177,"2018-01-01","3302.5784","3","0","0","15479",1,4
2177,"2018-02-01","3137.4768","5","0","1","16010",1,0
2177,"2018-03-01","3519.939","1","0","0","16633",1,4
2177,"2018-04-01","3432.1362","5","0","0","17204",1,0
2177,"2018-05-01","3213.937","0","0","0","17704",0,0
2177,"2018-06-01","3234.3606","6","0","0","18220",1,0
2177,"2018-07-01","3105.2712","3","0","0","18767",0,0
2177,"2018-08-01","3021.003","2","0","0","19209",1,0
2177,"2018-09-01","2956.1152","2","0","0","19638",0,2
2177,"2018-10-01","3233.1714","8","0","0","20186",-1,0
2177,"2018-11-01","2854.2605","2","0","0","20643",0,0
2177,"2018-12-01","2769.1104","0","0","0","21074",0,0
2177,"2019-01-01","3160.1907","1","0","0","21639",1,0
2177,"2019-02-01","2963.25","6","0","1","22134",0,0
2177,"2019-03-01","3951.7253","3","0","0","22688",-1,4
2177,"2019-04-01","3269.7778","1","0","0","23166",1,4
2177,"2019-05-01","3338.0498","3","0","0","23750",0,0
2177,"2019-06-01","3399.3535","6","0","0","24467",0,0
2177,"2019-07-01","3894.544","9","0","0","25342",-1,0
2177,"2019-08-01","3528.4937","6","0","0","26131",1,0
2177,"2019-09-01","3494.423","3","0","0","26933",1,2
2177,"2019-10-01","3852.1497","9","0","1","27768",1,0
2177,"2019-11-01","3317.9297","2","0","0","28459",0,0
2177,"2019-12-01","3369.0269","2","0","0","29170",-1,0
2177,"2020-01-01","3446.4006","11","0","0","29899",0,0
2177,"2020-02-01","3232.8772","11","0","0","30515",0,0
2177,"2020-03-01","3330.931","5","0","1","31103",1,0
2177,"2020-04-01","3286.1294","11","0","0","31729",1,0
2177,"2020-05-01","3184.7175","35","0","0","32053",1,0
2177,"2020-06-01","3227.3784","14","0","0","32681",1,0
2177,"2020-07-01","3288.6677","14","1","0","34295",1,0
2177,"2020-08-01","3202.1633","26","0","0","35292",1,0
2177,"2020-09-01","4171.0176","40","0","1","36178",1,0
2177,"2020-10-01","4324.817","21","0","0","37044",1,0
2177,"2020-11-01","3848.765","65","0","0","37768",0,0
2177,"2020-12-01","3924.0642","10","0","0","38519",0,0
2177,"2021-01-01","3841.9783","12","0","0","39239",1,0
2177,"2021-02-01","3451.891","2","0","0","39854",1,0
2177,"2021-03-01","3531.4763","1","1","0","40439",1,0
2177,"2021-04-01","3445.9426","27","0","0","40966",1,0
2177,"2021-05-01","5457.374","29","0","1","41566",1,0
2177,"2021-06-01","4505.3823","4","0","0","42126",1,0
2177,"2021-07-01","4292.6826","5","0","0","42646",1,0
2177,"2021-08-01","4015.6333","7","0","1","43247",0,0
2177,"2021-09-01","3771.9136","2","0","0","43742",1,4
2177,"2021-10-01","3651.4792","13","0","0","44257",1,0
2177,"2021-11-01","1798.8309","10","0","0","44731",1,0
2177,"2021-12-01","1594.2891","2","0","0","45292",1,4
2177,"2022-01-01","1943.7476","13","0","0","45852",0,0
2177,"2022-02-01","1620.3535","7","0","0","46202",1,0
2177,"2022-03-01","3064.58","13","0","0","46700",1,0
2177,"2022-04-01","3036.283","14","0","0","47108",0,0
2177,"2022-05-01","2879.5166","10","0","0","47475",0,0
2177,"2022-06-01","2904.7466","1","0","0","47857",1,0
2177,"2022-07-01","3010.0413","16","0","0","48330",0,0
2177,"2022-08-01","2736.3127","5","0","0","48756",0,0
2177,"2022-09-01","2999.6716","39","0","1","48756",1,0
2177,"2022-10-01","2214.6934","5","0","0","47515",0,0
2177,"2022-11-01","1546.1171","24","0","1","48040",0,0
2177,"2022-12-01","1462.8984","6","0","1","48490",-1,4
2177,"2023-01-01","1475.1779","7","0","1","48918",1,0
2177,"2023-02-01","1437.0061","9","0","1","49324",1,4
2177,"2023-03-01","2792.6616","19","0","1","49809",1,0
2177,"2023-04-01","2704.065","7","0","0","50189",0,0
2177,"2023-05-01","793.0196","6","0","0","50189",1,0
2189,"2017-04-01","622.8419","109","0","0","120534",1,0
2189,"2017-05-01","659.6385","137","0","0","128351",1,0
2189,"2017-06-01","194.07988","89","0","0","135149",0,0
2189,"2017-07-01","1037.2013","80","0","0","141552",0,0
2189,"2017-08-01","1098.6913","80","0","0","147502",0,0
2189,"2017-09-01","1722.98","217","0","0","157601",1,0
2189,"2017-10-01","1761.1439","150","0","0","167783",0,0
2189,"2017-11-01","2893.5476","143","0","1","178972",1,0
2189,"2017-12-01","2464.2966","128","0","0","187860",0,0
2189,"2018-01-01","2357.96","162","0","0","199083",0,0
2189,"2018-02-01","1904.028","68","0","0","207078",0,0
2189,"2018-03-01","2337.0974","202","0","0","218953",0,0
2189,"2018-04-01","4.23089","157","0","0","230783",0,0
2189,"2018-05-01","188.50838","89","0","0","242586",0,0
2189,"2018-06-01","15.723054","38","0","0","252522",0,0
2189,"2018-07-01","147.26605","54","0","0","260688",0,0
2189,"2018-08-01","656.3349","40","0","0","269167",0,0
2189,"2018-09-01","713.974","131","0","0","279970",0,0
2189,"2018-10-01","3507.1914","126","0","0","291291",1,0
2189,"2018-11-01","30389.203","98","0","0","301879",0,0
2189,"2018-12-01","65292.34","164","0","1","317511",1,0
2189,"2019-01-01","58892.867","55","0","0","330454",0,0
2189,"2019-02-01","49974.453","71","0","0","340590",0,0
2189,"2019-03-01","51055.97","58","0","0","351087",0,0
2189,"2019-04-01","50730.09","99","0","0","360312",0,0
2189,"2019-05-01","53312.3","92","0","0","369950",0,0
2189,"2019-06-01","48743.6","40","0","0","383090",0,0
2189,"2019-07-01","50109.168","65","0","0","395025",0,0
2189,"2019-08-01","44966.01","74","0","0","406402",0,0
2189,"2019-09-01","44623.316","141","0","0","417513",0,0
2189,"2019-10-01","46993.477","29","0","0","427996",0,0
2189,"2019-11-01","41498.645","72","1","0","437477",0,0
2189,"2019-12-01","62325.65","169","0","1","454275",0,0
2189,"2020-01-01","60867.074","44","0","0","468716",0,0
2189,"2020-02-01","48116.164","63","0","0","480190",1,0
2189,"2020-03-01","17064.535","41","0","0","492476",0,0
2189,"2020-04-01","624.8007","104","0","0","504963",0,0
2189,"2020-05-01","51976.875","202","0","0","514895",0,0
2189,"2020-06-01","48784.066","67","0","0","524844",0,0
2189,"2020-07-01","54984.426","134","0","0","537492",0,0
2189,"2020-08-01","51221.53","82","0","0","548853",1,0
2189,"2020-09-01","50754.105","91","0","0","560386",1,0
2189,"2020-10-01","57865.363","70","0","1","572001",0,0
2189,"2020-11-01","54408.75","59","0","0","582188",1,0
2189,"2020-12-01","53753.066","263","0","0","593623",0,0
2189,"2021-01-01","54643.023","73","0","0","604039",1,0
2189,"2021-02-01","50659.88","86","0","0","614174",0,0
2189,"2021-03-01","60936.797","156","0","0","624396",0,0
2189,"2021-04-01","57836.48","72","0","0","632960",0,0
2189,"2021-05-01","54597.87","34","0","0","640558",-1,0
2189,"2021-06-01","53232.883","19","0","0","647936",0,0
2189,"2021-07-01","56710.77","15","0","0","658107",0,0
2189,"2021-08-01","46995.527","8","0","0","667080",1,0
2189,"2021-09-01","10613.544","7","0","0","675743",0,0
2189,"2021-10-01","4366.9443","7","0","0","682618",0,0
2189,"2021-11-01","45822.098","10","0","0","689763",0,0
2189,"2021-12-01","45612.76","109","0","0","697468",1,0
2189,"2022-01-01","49230.676","8","0","0","705041",1,0
2189,"2022-02-01","47379.832","6","0","0","711804",0,0
2189,"2022-03-01","5153.109","5","0","0","719359",0,0
2189,"2022-04-01","46164.906","6","0","0","725635",0,0
2189,"2022-05-01","40129.043","11","0","0","731306",0,0
2189,"2022-06-01","6291.403","6","0","0","737147",0,0
2189,"2022-07-01","11997.329","10","0","0","744747",1,0
2189,"2022-08-01","3796.8738","21","0","0","751814",1,0
2189,"2022-09-01","11264.864","7","1","0","756146",0,0
2189,"2022-10-01","29048.342","8","0","0","760878",0,0
2189,"2022-11-01","48065.754","67","0","0","769365",0,0
2189,"2022-12-01","1168.3824","54","0","1","778901",1,0
2189,"2023-01-01","85199.49","21","0","0","789506",1,0
2189,"2023-02-01","61017.25","11","0","0","797705",1,0
2189,"2023-03-01","58996.777","8","0","0","805906",1,0
2189,"2023-04-01","470.8595","5","0","0","811918",1,0
2189,"2023-05-01","12509.475","13","0","0","811918",1,0
