dates,royalties,spotify_m_listeners,spotify_followers,youtube_subscribers,youtube_views,instagram_followers,twitter_followers
1/1/2018,0.148,0,188,0,0,0,1370
1/2/2018,0.208,0,188,0,0,0,1369
1/3/2018,0.192,0,188,0,0,0,1369
1/4/2018,0.208,0,188,0,0,0,1369
1/5/2018,0.252,0,188,0,0,0,1368
1/6/2018,0.212,0,188,0,0,0,1368
1/7/2018,0.192,0,189,0,0,0,1367
1/8/2018,0.212,0,191,0,0,0,1367
1/9/2018,0.204,0,192,0,0,0,1368
1/10/2018,0.204,0,194,0,0,0,1368
1/11/2018,0.216,0,195,0,0,0,1367
1/12/2018,0.244,0,197,0,0,0,1367
1/13/2018,0.188,0,198,0,0,0,1367
1/14/2018,0.172,0,199,0,0,0,1367
1/15/2018,0.176,0,199,0,0,0,1367
1/16/2018,0.232,0,200,0,0,0,1367
1/17/2018,0.192,0,201,0,0,0,1367
1/18/2018,0.248,0,202,0,0,0,1368
1/19/2018,0.288,0,202,0,0,0,1368
1/20/2018,0.172,0,203,0,0,0,1368
1/21/2018,0.22,0,203,0,0,0,1368
1/22/2018,0.184,0,204,0,0,0,1368
1/23/2018,0.124,0,204,0,0,0,1367
1/24/2018,0.236,0,204,0,0,0,1368
1/25/2018,0.156,0,204,0,0,0,1370
1/26/2018,0.168,0,205,0,0,0,1371
1/27/2018,0.16,0,205,0,0,0,1371
1/28/2018,0.176,0,207,0,0,0,1371
1/29/2018,0.276,0,209,0,0,0,1369
1/30/2018,0.18,0,211,0,0,0,1369
1/31/2018,0.3,0,213,0,0,0,1370
2/1/2018,0.152,0,215,0,0,0,1369
2/2/2018,0.176,0,217,0,0,0,1369
2/3/2018,0.152,0,219,0,0,0,1368
2/4/2018,0.108,0,219,0,0,0,1367
2/5/2018,0.136,0,220,0,0,0,1368
2/6/2018,0.18,0,220,0,0,0,1368
2/7/2018,0.196,0,220,0,0,0,1368
2/8/2018,0.132,0,220,0,0,0,1366
2/9/2018,0.156,0,221,0,0,0,1365
2/10/2018,0.124,0,221,0,0,0,1365
2/11/2018,0.104,0,221,0,0,0,1364
2/12/2018,0.156,0,221,0,0,0,1366
2/13/2018,0.148,0,221,0,0,0,1367
2/14/2018,0.14,0,221,0,0,0,1367
2/15/2018,0.2,0,221,0,0,0,1367
2/16/2018,0.192,0,221,0,0,0,1368
2/17/2018,0.192,0,221,0,0,0,1368
2/18/2018,0.188,0,221,0,0,0,1368
2/19/2018,0.14,0,221,0,0,0,1368
2/20/2018,0.188,0,221,0,0,0,1368
2/21/2018,0.2,0,221,0,0,0,1370
2/22/2018,0.136,0,221,0,0,0,1370
2/23/2018,0.192,0,221,0,0,0,1370
2/24/2018,0.16,0,221,0,0,0,1370
2/25/2018,0.16,0,222,0,0,0,1370
2/26/2018,0.224,0,222,0,0,0,1371
2/27/2018,0.248,0,223,0,0,0,1371
2/28/2018,0.144,0,223,0,0,0,1371
3/1/2018,0.212,0,224,0,0,0,1372
3/2/2018,0.192,0,224,0,0,0,1373
3/3/2018,0.16,0,225,0,0,0,1373
3/4/2018,0.164,0,225,0,0,0,1375
3/5/2018,0.216,0,226,0,0,0,1377
3/6/2018,0.152,0,226,0,0,0,1378
3/7/2018,0.192,0,226,0,0,0,1377
3/8/2018,0.208,0,226,0,0,0,1376
3/9/2018,0.316,0,227,0,0,0,1375
3/10/2018,0.312,0,227,0,0,0,1370
3/11/2018,0.308,0,228,0,0,0,1372
3/12/2018,0.356,0,228,0,0,0,1372
3/13/2018,0.372,0,229,0,0,0,1373
3/14/2018,0.372,0,230,0,0,0,1373
3/15/2018,0.5,0,231,0,0,0,1372
3/16/2018,0.596,0,231,0,0,0,1372
3/17/2018,0.548,0,232,0,0,0,1372
3/18/2018,0.384,0,233,0,0,0,1372
3/19/2018,0.376,0,234,0,0,0,1372
3/20/2018,0.728,0,235,0,0,0,1372
3/21/2018,0.488,0,235,0,0,0,1372
3/22/2018,0.44,0,236,0,0,0,1372
3/23/2018,0.464,0,237,0,0,0,1372
3/24/2018,0.34,0,238,0,0,0,1372
3/25/2018,0.304,0,239,0,0,0,1371
3/26/2018,0.368,0,239,0,0,0,1371
3/27/2018,0.424,0,240,0,0,0,1371
3/28/2018,0.416,0,240,0,0,0,1371
3/29/2018,0.756,0,241,0,0,0,1370
3/30/2018,0.764,0,241,0,0,0,1371
3/31/2018,0.92,0,242,0,0,0,1370
4/1/2018,0.54,0,242,0,0,0,1370
4/2/2018,0.48,0,243,0,0,0,1370
4/3/2018,0.664,0,243,0,0,0,1369
4/4/2018,0.704,0,244,0,0,0,1371
4/5/2018,1.04,0,244,0,0,0,1371
4/6/2018,1.076,0,245,0,0,0,1372
4/7/2018,1.16,0,245,0,0,0,1374
4/8/2018,0.856,1976,246,0,0,0,1373
4/9/2018,1.04,8066,246,0,0,0,1374
4/10/2018,100.82,14156,246,0,0,0,1374
4/11/2018,137.488,20246,246,0,0,0,1373
4/12/2018,83.668,26336,246,0,0,0,1373
4/13/2018,46.708,32426,246,0,0,0,1374
4/14/2018,53.688,38516,246,0,0,0,1372
4/15/2018,49.264,44606,246,0,0,0,1372
4/16/2018,48.348,46952,247,0,0,0,1373
4/17/2018,40.5,49297,249,0,0,0,1374
4/18/2018,19.164,51643,250,0,0,0,1373
4/19/2018,6.752,53989,251,0,0,0,1420
4/20/2018,6.36,56335,252,0,0,0,2169
4/21/2018,5.828,58680,254,0,0,0,2168
4/22/2018,3.976,61026,255,0,0,0,2168
4/23/2018,4.384,61271,256,0,0,0,4768
4/24/2018,4.428,61517,257,0,0,0,4479
4/25/2018,3.948,61762,258,0,0,0,1793
4/26/2018,4.008,62007,258,0,0,0,11010
4/27/2018,3.984,62252,259,0,0,0,8971
4/28/2018,3.328,62498,260,0,0,0,3919
4/29/2018,2.332,62743,261,0,0,0,3824
4/30/2018,3.388,62858,262,0,0,0,3872
5/1/2018,2.88,62972,263,0,0,0,2678
5/2/2018,2.988,63087,264,0,0,0,2488
5/3/2018,2.728,63201,265,0,0,0,2469
5/4/2018,3.12,63316,266,0,0,0,2469
5/5/2018,2.704,63430,267,0,0,0,1912
5/6/2018,2.092,63545,268,0,0,0,1623
5/7/2018,2.716,60033,270,0,0,0,1623
5/8/2018,2.816,56522,272,0,0,0,1623
5/9/2018,2.632,53010,274,0,0,0,3839
5/10/2018,2.228,49498,277,0,0,0,3721
5/11/2018,2.664,45986,279,0,0,0,3875
5/12/2018,2.408,42475,281,0,0,0,2045
5/13/2018,2.052,38963,283,0,0,0,1995
5/14/2018,9.972,33030,284,0,0,0,2869
5/15/2018,11.596,27098,285,0,0,0,2562
5/16/2018,9.976,21165,286,0,0,0,2356
5/17/2018,6.232,15233,287,0,0,0,2301
5/18/2018,8.26,9300,288,20,2015,9174,2299
5/19/2018,9.528,9238,290,22,2055,9141,2230
5/20/2018,14.016,9175,291,22,2075,9118,3123
5/21/2018,8.312,9426,872,22,2095,9101,4747
5/22/2018,3.348,9676,1453,293,2107,9080,4551
5/23/2018,2.516,9927,2034,564,2119,9066,4238
5/24/2018,2.372,10130,2274,552,2124,9047,4160
5/25/2018,2.404,10146,2368,539,2129,9028,3251
5/26/2018,2.908,10161,2461,537,2139,9028,2700
5/27/2018,2.08,10142,2524,534,2148,9021,1930
5/28/2018,2.076,10123,2586,784,2159,9014,1633
5/29/2018,1.796,10031,2586,1242,2173,9001,1626
5/30/2018,1.924,9939,2586,1192,2185,8997,1626
5/31/2018,1.912,9846,2587,1142,2197,8992,1625
6/1/2018,2.268,9752,2587,1151,2208,9008,1625
6/2/2018,2.112,9641,2587,1148,2227,9071,1624
6/3/2018,1.716,9522,3480,1145,2245,9075,1624
6/4/2018,3.372,9402,4373,1144,2253,9069,1625
6/5/2018,2.416,9437,5856,1143,2261,9071,1625
6/6/2018,2.504,9473,7340,1135,2272,9070,1600
6/7/2018,2.676,9508,8823,1127,2282,9072,1601
6/8/2018,2.02,9498,8820,1126,2294,9070,1909
6/9/2018,2.224,9472,8821,1125,2305,9074,1910
6/10/2018,1.728,9446,8822,1125,2314,9073,1909
6/11/2018,2.272,9393,8822,1125,2323,9076,1911
6/12/2018,2.148,9339,8821,1125,2332,9065,1910
6/13/2018,3.076,8836,8821,1124,2340,9061,1595
6/14/2018,3.752,8332,8820,1122,2360,9053,1590
6/15/2018,3.612,8393,8820,1119,2379,9049,1591
6/16/2018,3.096,8191,8818,1120,2395,9048,1593
6/17/2018,2.132,8021,8818,1121,2411,9047,1593
6/18/2018,3.964,7697,8817,1120,2420,9039,1594
6/19/2018,3.76,7627,8816,1119,2429,9030,1595
6/20/2018,3.752,7556,8814,1119,2441,9024,1595
6/21/2018,3.168,7659,8814,1118,2453,9021,1594
6/22/2018,3.12,7762,8814,1092,2461,9021,1595
6/23/2018,3.188,7933,8814,1066,2469,9019,1595
6/24/2018,2.532,8005,8812,1066,2475,9017,1596
6/25/2018,2.744,8076,8810,1066,2480,9016,1597
6/26/2018,2.58,8283,8810,898,2491,9014,1597
6/27/2018,2.384,8490,8810,729,2501,9012,1593
6/28/2018,1.848,8605,8810,562,2513,9013,1594
6/29/2018,1.68,8720,8810,395,2525,9005,1594
6/30/2018,2.84,8835,8810,303,2531,9002,1595
7/1/2018,2.564,9065,8820,211,2537,9022,1596
7/2/2018,2.544,9065,8809,212,2549,9032,1595
7/3/2018,1.848,9178,8807,212,2560,9038,1595
7/4/2018,1.44,9291,8804,177,2568,9032,1595
7/5/2018,1.576,9248,8807,142,2575,9035,1594
7/6/2018,1.488,9110,8808,141,2584,9024,1594
7/7/2018,1.856,8986,8815,140,2592,9021,1595
7/8/2018,1.212,8910,8807,140,2599,9027,1593
7/9/2018,1.772,8834,8799,140,2605,9024,1593
7/10/2018,1.788,8788,8806,140,2626,9027,1593
7/11/2018,1.676,8741,8813,139,2646,9029,1594
7/12/2018,1.856,8514,8807,139,2662,9030,1595
7/13/2018,1.88,8288,8802,139,2677,9031,1596
7/14/2018,1.504,8061,8796,138,2691,9032,1597
7/15/2018,0.98,21087,8794,138,2704,9033,1597
7/16/2018,1.264,34114,8792,137,2718,9037,1596
7/17/2018,1.568,47140,8790,136,2731,9029,1596
7/18/2018,1.88,60167,8788,134,2741,9034,1595
7/19/2018,2.076,73193,8786,131,2751,9027,1595
7/20/2018,2.132,6219,8785,131,2762,9019,1597
7/21/2018,2.092,5957,8785,130,2773,9017,1596
7/22/2018,1.6,5696,8784,130,2779,9016,1597
7/23/2018,1.272,5434,8784,130,2785,9026,1598
7/24/2018,1.472,5214,8785,130,2792,9025,1599
7/25/2018,1.428,4994,8785,130,2798,9016,1599
7/26/2018,1.46,4934,8784,130,2809,9017,1599
7/27/2018,6.412,4875,8784,130,2819,9011,1599
7/28/2018,9.436,4815,8783,130,2837,9013,1599
7/29/2018,9.148,4570,8784,130,2854,9012,1598
7/30/2018,4.392,4328,8784,131,2879,9011,1597
7/31/2018,1.388,4066,8782,131,2904,9014,1597
8/1/2018,1.228,4018,8782,131,2912,9015,1597
8/2/2018,1.348,4018,8782,129,2925,9009,1597
8/3/2018,1.276,4013,8781,126,2938,9013,1597
8/4/2018,1.212,4013,8782,126,2949,9016,1597
8/5/2018,0.896,4013,8781,126,2959,9014,1597
8/6/2018,2.088,4013,8780,126,2967,9012,1598
8/7/2018,1.924,4006,8779,126,2974,9010,1598
8/8/2018,2.052,4252,8777,126,2980,9009,1598
8/9/2018,1.756,4285,8777,126,2985,9009,1600
8/10/2018,1.792,4285,8777,126,2995,9017,1601
8/11/2018,1.588,4285,8777,126,3005,9024,1601
8/12/2018,1.144,4367,8778,126,3015,9046,1601
8/13/2018,1.28,4367,8778,126,3024,9043,1602
8/14/2018,1.208,4505,8778,126,3028,9043,1604
8/15/2018,1.288,4642,8778,126,3031,9048,1600
8/16/2018,2.44,4780,8778,126,3041,9046,1553
8/17/2018,14.18,4917,8777,126,3051,9043,1553
8/18/2018,20.136,5055,8777,126,3066,9040,1553
8/19/2018,18.48,5192,8777,126,3080,9037,1553
8/20/2018,26.564,5330,8777,126,3090,9036,1553
8/21/2018,5.804,5362,8777,126,3100,9038,1553
8/22/2018,1.568,5394,8777,126,3109,9041,1553
8/23/2018,1.196,5427,8776,126,3118,9043,1552
8/24/2018,1.288,5459,8776,126,3129,9045,1552
8/25/2018,1.084,5491,8776,125,3139,9048,1552
8/26/2018,0.956,5440,8776,126,3149,9050,1552
8/27/2018,1.188,5388,8776,126,3159,9050,1552
8/28/2018,1.08,5337,8775,126,3163,9054,1552
8/29/2018,1.072,5285,8775,126,3167,9056,1552
8/30/2018,1.156,5285,8775,126,3184,9057,1551
8/31/2018,1.264,5245,8774,126,3201,9059,1553
9/1/2018,1.136,5206,8774,126,3212,9060,1553
9/2/2018,1.036,5166,8773,126,3232,9060,1553
9/3/2018,1.148,5126,8773,126,3251,9059,1551
9/4/2018,1.12,5087,8772,124,3266,9059,1550
9/5/2018,1.168,5047,8771,122,3281,9058,1550
9/6/2018,0.964,5007,8771,123,3304,9057,1550
9/7/2018,1.056,4967,8770,123,3326,9055,1550
9/8/2018,1.08,4928,8770,123,3336,9054,1549
9/9/2018,0.768,4888,8769,122,3346,9053,1439
9/10/2018,0.92,4888,8769,122,3360,9052,1438
9/11/2018,1.188,4848,8770,122,3374,9046,1437
9/12/2018,1.076,4808,8770,122,3386,9040,1437
9/13/2018,1.036,4692,8770,122,3397,9038,1436
9/14/2018,1.072,4576,8769,122,3406,9036,1436
9/15/2018,0.876,4459,8769,122,3414,9039,1435
9/16/2018,0.808,4343,8768,122,3423,9041,1435
9/17/2018,1.052,4227,8768,122,3432,9040,1435
9/18/2018,0.848,4111,8767,122,3442,9039,1434
9/19/2018,0.836,3995,8767,122,3451,9034,1434
9/20/2018,0.936,3878,8766,122,3466,9028,1434
9/21/2018,0.948,3762,8766,122,3481,9035,1434
9/22/2018,0.936,3646,8765,122,3488,9033,1434
9/23/2018,0.62,3530,8765,122,3494,9031,1434
9/24/2018,0.8,3413,8764,123,3502,9031,1434
9/25/2018,0.708,3297,8764,123,3510,9040,1435
9/26/2018,0.756,3181,8763,123,3516,9040,1436
9/27/2018,0.828,3143,8763,122,3522,9039,1436
9/28/2018,0.772,3105,8763,122,3531,9038,1437
9/29/2018,0.872,3067,8763,122,3540,9037,1435
9/30/2018,0.58,3028,8762,122,3547,9036,1435
10/1/2018,0.696,2990,8762,122,3553,9035,1435
10/2/2018,0.848,2952,8762,122,3561,9033,1437
10/3/2018,0.736,2932,8762,122,3569,9032,1438
10/4/2018,0.828,2911,8763,122,3577,9031,1439
10/5/2018,0.868,2891,8763,122,3584,9030,1441
10/6/2018,0.86,2870,8763,122,3592,9029,1442
10/7/2018,0.68,2850,8763,122,3599,9031,1443
10/8/2018,0.812,2829,8764,122,3603,9034,1443
10/9/2018,0.808,2809,8764,122,3607,9036,1443
10/10/2018,1,2788,8764,122,3614,9038,1443
10/11/2018,1.068,2765,8761,122,3620,9041,1446
10/12/2018,0.892,2753,8761,122,3627,9043,1445
10/13/2018,0.768,2746,8761,122,3633,9046,1444
10/14/2018,0.592,2723,8760,122,3635,9048,1445
10/15/2018,0.776,2723,8759,122,3636,9050,1445
10/16/2018,0.836,2723,8758,122,3640,9053,1445
10/17/2018,0.732,2672,8758,122,3643,9055,1445
10/18/2018,0.808,2663,8757,122,3647,9052,1446
10/19/2018,0.92,2664,8757,122,3650,9056,1446
10/20/2018,0.7,2645,8756,122,3656,9060,1446
10/21/2018,0.568,2645,8756,122,3661,9056,1446
10/22/2018,0.844,2645,8755,122,3667,9056,1446
10/23/2018,0.844,2645,8755,122,3673,9058,1446
10/24/2018,0.832,2645,8753,122,3681,9059,1446
10/25/2018,0.82,2621,8753,122,3688,9050,1446
10/26/2018,0.884,2621,8751,122,3698,9051,1446
10/27/2018,0.852,2621,8752,121,3707,9052,1446
10/28/2018,0.776,2621,8752,121,3714,9052,1446
10/29/2018,0.704,2629,8751,121,3721,9050,1445
10/30/2018,0.852,2634,8749,121,3725,9050,1447
10/31/2018,0.756,2634,8749,121,3729,9050,1447
11/1/2018,0.752,2634,8749,121,3734,9055,1448
11/2/2018,0.836,2634,8748,121,3739,9055,1448
11/3/2018,0.672,2625,8747,121,3743,9055,1449
11/4/2018,0.668,2616,8747,121,3748,9054,1449
11/5/2018,0.74,2607,8746,121,3752,9054,1450
11/6/2018,0.868,2598,8746,121,3757,9054,1448
11/7/2018,0.864,2589,8745,121,3761,9053,1448
11/8/2018,0.732,2589,8743,121,3765,9051,1448
11/9/2018,0.888,2616,8743,121,3769,9056,1447
11/10/2018,0.752,2617,8743,121,3775,9061,1437
11/11/2018,0.676,2610,8744,121,3780,9066,1436
11/12/2018,0.608,2610,8744,121,3787,9067,1436
11/13/2018,0.788,2627,8744,121,3794,9068,1435
11/14/2018,0.752,2644,8743,121,3803,9069,1435
11/15/2018,0.708,2670,8745,121,3812,9067,1436
11/16/2018,0.82,2671,8744,121,3821,9066,1436
11/17/2018,0.792,2659,8742,121,3829,9064,1435
11/18/2018,0.672,2652,8741,121,3838,9062,1435
11/19/2018,0.78,2645,8742,121,3847,9060,1436
11/20/2018,0.648,2649,8742,121,3861,9068,1438
11/21/2018,0.692,2638,8743,121,3874,9075,1438
11/22/2018,0.752,2616,8744,121,3883,9081,1438
11/23/2018,0.684,2593,8745,121,3892,9080,1438
11/24/2018,0.672,2577,8745,121,3901,9075,1437
11/25/2018,0.632,2578,8744,121,3909,9083,1436
11/26/2018,0.496,2558,8744,121,3914,9085,1436
11/27/2018,0.524,2551,8743,121,3919,9082,1436
11/28/2018,0.608,2533,8742,121,3923,9080,1438
11/29/2018,0.796,2513,8741,121,3927,9081,1438
11/30/2018,0.756,2510,8740,121,3941,9092,1437
12/1/2018,0.576,2509,8740,121,3955,9094,1437
12/2/2018,0.576,2495,8740,121,3961,9097,1438
12/3/2018,0.684,2488,8741,121,3967,9107,1438
12/4/2018,0.652,2476,8741,121,3974,9104,1438
12/5/2018,0.788,2471,8741,121,3980,9105,1437
12/6/2018,0.788,2434,8741,121,3984,9096,1437
12/7/2018,0.896,2433,8742,121,3987,9096,1437
12/8/2018,0.828,2431,8740,121,3993,9095,1436
12/9/2018,0.704,2429,8740,121,3998,9088,1436
12/10/2018,0.82,2412,8739,121,4007,9096,1437
12/11/2018,0.652,2411,8736,121,4015,9145,1438
12/12/2018,0.732,2376,8736,121,4045,9149,1438
12/13/2018,0.7,2332,8736,121,4075,9147,1439
12/14/2018,0.676,2335,8737,78,4082,9149,1440
12/15/2018,0.7,2331,8737,35,4088,9151,1440
12/16/2018,0.524,2331,8737,35,4095,9150,1440
12/17/2018,0.76,2328,8738,35,4102,9158,1440
12/18/2018,0.752,2320,8738,35,4106,9166,1440
12/19/2018,0.796,2307,8737,35,4109,9174,1440
12/20/2018,0.86,2315,8737,35,4115,9182,1440
12/21/2018,0.76,2318,8737,35,4121,9190,1439
12/22/2018,0.776,2321,8738,35,4123,9198,1439
12/23/2018,0.704,2319,8739,35,4125,9206,1439
12/24/2018,0.62,2316,8739,35,4131,9214,1438
12/25/2018,0.592,2328,8740,35,4137,9222,1438
12/26/2018,0.748,2323,8739,35,4142,9230,1439
12/27/2018,0.684,2324,8736,35,4147,9238,1438
12/28/2018,0.632,2313,8735,35,4150,9247,1437
12/29/2018,0.648,2304,8735,35,4153,9255,1438
12/30/2018,0.62,2300,8734,35,4168,9263,1438
12/31/2018,0.688,2318,8736,35,4183,9271,1437
1/1/2019,0.568,2329,8736,35,4185,9279,1436
1/2/2019,0.552,2345,8737,35,4189,9287,1437
1/3/2019,0.568,2323,8737,35,4192,9295,1436
1/4/2019,0.612,2300,8737,35,4189,9303,1436
1/5/2019,0.66,2282,8737,35,4185,9311,1436
1/6/2019,0.808,2274,8737,35,4208,9319,1436
1/7/2019,0.804,2265,8741,35,4230,9327,1436
1/8/2019,0.652,2284,8741,35,4244,9335,1434
1/9/2019,0.644,2295,8741,35,4258,9343,1434
1/10/2019,0.652,2306,8740,35,4265,9351,1432
1/11/2019,0.588,2295,8740,35,4271,9359,1432
1/12/2019,0.496,2290,8741,35,4281,9367,1431
1/13/2019,0.564,2282,8741,35,4291,9375,1431
1/14/2019,0.616,2284,8740,35,4300,9383,1430
1/15/2019,0.692,2282,8741,35,4308,9391,1428
1/16/2019,0.684,2281,8741,35,4319,9399,1430
1/17/2019,0.48,2280,8741,35,4330,9407,1431
1/18/2019,0.696,2285,8740,35,4338,9415,1431
1/19/2019,0.608,2272,8740,35,4346,9423,1432
1/20/2019,0.392,2297,8740,36,4360,9431,1433
1/21/2019,0.656,2308,8740,36,4373,9440,1432
1/22/2019,0.636,2280,8741,36,4379,9448,1433
1/23/2019,0.704,2285,8742,36,4384,9456,1433
1/24/2019,0.76,2292,8743,36,4393,9464,1433
1/25/2019,0.688,2299,8743,36,4402,9472,1433
1/26/2019,0.632,2309,8742,36,4410,9480,1433
1/27/2019,0.496,2319,8741,36,4417,9488,1433
1/28/2019,0.604,2317,8741,36,4423,9496,1432
1/29/2019,0.592,2296,8740,36,4428,9504,1432
1/30/2019,0.488,2270,8741,36,4438,9512,1432
1/31/2019,0.804,2273,8741,36,4448,9520,1432
2/1/2019,0.72,2272,8740,36,4459,9528,1432
2/2/2019,0.568,2293,8740,36,4467,9528,1432
2/3/2019,0.464,2304,8740,36,4474,9527,1432
2/4/2019,0.612,2303,8740,36,4479,9527,1432
2/5/2019,0.808,2294,8739,36,4483,9527,1431
2/6/2019,0.668,2306,8739,36,4489,9525,1430
2/7/2019,0.852,2311,8739,36,4495,9522,1431
2/8/2019,0.824,2310,8740,36,4502,9548,1431
2/9/2019,0.644,2333,8741,36,4508,9575,1431
2/10/2019,0.548,2358,8738,36,4516,9601,1431
2/11/2019,0.924,2372,8738,36,4524,9599,1432
2/12/2019,0.808,2386,8738,36,4540,9596,1432
2/13/2019,0.78,2426,8738,36,4555,9598,1431
2/14/2019,0.728,2443,8738,36,4565,9600,1431
2/15/2019,0.8,2459,8738,36,4574,9602,1431
2/16/2019,0.72,2477,8739,36,4590,9591,1430
2/17/2019,0.708,2478,8740,36,4606,9594,1429
2/18/2019,0.824,2482,8740,37,4616,9680,1429
2/19/2019,0.808,2513,8740,37,4626,9696,1432
2/20/2019,0.624,2545,8740,37,4635,9711,1432
2/21/2019,0.76,2577,8740,37,4644,9712,1431
2/22/2019,0.732,2580,8740,37,4652,9712,1431
2/23/2019,0.66,2593,8740,37,4660,9717,1432
2/24/2019,0.52,2606,8740,37,4665,9720,1432
2/25/2019,0.684,2619,8740,37,4669,9722,1432
2/26/2019,0.712,2632,8741,37,4677,9758,1432
2/27/2019,0.752,2645,8741,37,4684,9794,1431
2/28/2019,0.74,2658,8741,37,4691,9798,1431
3/1/2019,0.848,2671,8741,37,4698,9802,1431
3/2/2019,0.748,2684,8741,37,4702,9807,1432
3/3/2019,0.616,2694,8740,37,4705,9811,1432
3/4/2019,0.72,2708,8742,37,4712,9829,1432
3/5/2019,0.628,2714,8742,37,4718,9846,1432
3/6/2019,1.988,2734,8743,37,4726,9856,1432
3/7/2019,0.648,2723,8742,37,4735,9866,1432
3/8/2019,0.712,2723,8742,37,4743,9877,1432
3/9/2019,0.692,2710,8745,37,4751,9887,1432
3/10/2019,0.692,2703,8745,37,4757,9897,1432
3/11/2019,0.696,2701,8746,37,4762,9907,1432
3/12/2019,0.788,2722,8746,38,4770,9918,1431
3/13/2019,0.796,2722,8747,38,4778,9928,1431
3/14/2019,1.02,2713,8748,38,4788,9938,1431
3/15/2019,1.032,2733,8748,38,4797,9946,1431
3/16/2019,0.76,2755,8749,38,4808,9953,1431
3/17/2019,0.6,2773,8750,38,4819,9961,1429
3/18/2019,0.82,2780,8749,38,4828,9968,1429
3/19/2019,0.728,2767,8748,38,4836,9976,1429
3/20/2019,0.772,2768,8749,38,4840,9983,1429
3/21/2019,0.816,2763,8748,38,4844,9991,1430
3/22/2019,0.808,2772,8748,38,4849,9998,1434
3/23/2019,0.692,2781,8748,38,4854,10001,1435
3/24/2019,0.62,2790,8748,38,4863,10004,1435
3/25/2019,1.736,2783,8752,38,4872,13723,1434
3/26/2019,1.34,2786,8756,38,4878,17441,1436
3/27/2019,1.108,2879,8757,38,4883,17671,1436
3/28/2019,0.916,2905,8758,38,4892,17901,1435
3/29/2019,1.036,2909,8758,38,4900,17907,1435
3/30/2019,0.984,2921,8759,39,4906,17913,1435
3/31/2019,0.74,2933,8759,39,4911,17919,1434
4/1/2019,0.952,2945,8760,39,4917,17909,1434
4/2/2019,0.88,2943,8759,39,4925,17898,1434
4/3/2019,0.968,2941,8758,39,4933,17888,1434
4/4/2019,1.024,2954,8759,39,4937,17882,1434
4/5/2019,1.068,2967,8759,39,4941,17875,1434
4/6/2019,0.788,2994,8758,40,4947,17873,1433
4/7/2019,0.716,3016,8757,40,4953,17870,1433
4/8/2019,0.816,3013,8757,40,4962,17868,1433
4/9/2019,0.804,3005,8756,40,4971,17866,1433
4/10/2019,1.06,3010,8756,40,4980,17856,1433
4/11/2019,0.984,3013,8756,40,4989,17846,1433
4/12/2019,0.936,3025,8757,41,5000,17842,1432
4/13/2019,0.964,3036,8757,41,5010,17838,1432
4/14/2019,0.716,3033,8757,41,5018,17838,1432
4/15/2019,0.876,3030,8756,41,5025,17837,1432
4/16/2019,0.92,3052,8756,41,5031,17828,1432
4/17/2019,0.956,3073,8756,41,5036,17818,1431
4/18/2019,0.992,3100,8756,41,5043,17824,1431
4/19/2019,0.968,3127,8755,41,5049,17830,1431
4/20/2019,0.94,3140,8755,41,5054,17828,1431
4/21/2019,0.848,3153,8754,41,5060,17826,1431
4/22/2019,0.772,3166,8754,41,5065,17824,1431
4/23/2019,0.84,3179,8753,41,5070,17822,1430
4/24/2019,0.952,3192,8753,41,5073,17815,1430
4/25/2019,0.936,3197,8753,41,5076,17808,1430
4/26/2019,0.968,3203,8754,41,5080,17810,1430
4/27/2019,0.824,3208,8754,41,5083,17812,1430
4/28/2019,0.684,3211,8758,41,5092,17813,1429
4/29/2019,0.816,3196,8760,41,5101,17814,1429
4/30/2019,0.924,3199,8761,41,5105,17809,1429
5/1/2019,0.964,3187,8761,41,5109,17803,1429
5/2/2019,0.876,3182,8761,41,5120,17802,1429
5/3/2019,1.132,3148,8761,41,5131,17800,1429
5/4/2019,0.896,3141,8762,41,5140,17861,1428
5/5/2019,0.672,3154,8762,42,5150,17921,1428
5/6/2019,0.912,3143,8762,42,5159,17982,1428
5/7/2019,0.712,3137,8763,42,5168,18042,1428
5/8/2019,0.728,3131,8763,42,5178,18103,1428
5/9/2019,0.816,3084,8763,42,5187,18163,1428
5/10/2019,0.976,3084,8763,42,5197,18224,1427
5/11/2019,0.732,3048,8763,42,5206,18249,1427
5/12/2019,0.652,3032,8764,42,5212,18274,1427
5/13/2019,0.856,2990,8763,42,5217,18278,1427
5/14/2019,0.72,2927,8764,42,5226,18281,1426
5/15/2019,0.816,2864,8764,42,5234,18286,1426
5/16/2019,0.72,2824,8763,42,5243,18290,1426
5/17/2019,0.924,2784,8763,42,5251,18307,1425
5/18/2019,0.76,2744,8762,42,5261,18324,1425
5/19/2019,0.64,2704,8762,42,5267,18315,1425
5/20/2019,0.808,2664,8761,42,5273,18306,1425
5/21/2019,0.836,2628,8761,42,5287,18308,1425
5/22/2019,0.664,2591,8761,42,5288,18309,1425
5/23/2019,0.608,2555,8761,42,5298,18308,1426
5/24/2019,0.74,2518,8761,42,5305,18306,1425
5/25/2019,0.668,2482,8761,42,5314,18327,1425
5/26/2019,0.592,2447,8760,42,5324,18347,1424
5/27/2019,0.684,2411,8760,42,5331,18345,1424
5/28/2019,0.744,2393,8760,42,5343,18342,1424
5/29/2019,0.836,2375,8759,42,5348,18340,1424
5/30/2019,0.692,2357,8759,42,5353,18337,1424
5/31/2019,0.78,2339,8758,42,5357,18335,1424
6/1/2019,0.644,2311,8758,42,5367,18333,1425
6/2/2019,0.688,2282,8758,42,5378,18341,1425
6/3/2019,0.564,2254,8757,42,5387,18348,1425
6/4/2019,0.68,2225,8757,42,5392,18343,1425
6/5/2019,0.908,2197,8757,42,5402,18338,1424
6/6/2019,0.88,2201,8757,43,5407,18340,1424
6/7/2019,0.932,2205,8758,43,5413,18342,1425
6/8/2019,1.02,2209,8758,43,5416,18337,1424
6/9/2019,0.548,2219,8757,43,5426,18331,1424
6/10/2019,0.58,2229,8757,43,5433,18333,1424
6/11/2019,0.588,2239,8756,43,5443,18334,1424
6/12/2019,0.76,2244,8756,43,5452,18333,1423
6/13/2019,0.864,2250,8756,43,5458,18332,1424
6/14/2019,1.056,2255,8756,43,5475,18335,1423
6/15/2019,0.684,2280,8755,43,5481,18337,1423
6/16/2019,0.52,2304,8754,43,5489,18339,1424
6/17/2019,0.648,2329,8753,43,5497,18341,1424
6/18/2019,0.788,2321,8755,43,5508,18339,1424
6/19/2019,0.7,2331,8755,44,5513,18336,1424
6/20/2019,0.764,2338,8754,44,5519,18339,1424
6/21/2019,0.676,2351,8753,44,5525,18341,1424
6/22/2019,0.788,2373,8753,44,5529,18339,1424
6/23/2019,0.572,2371,8755,44,5533,18337,1423
6/24/2019,0.664,2388,8754,44,5536,18334,1422
6/25/2019,0.636,2380,8754,44,5548,18330,1421
6/26/2019,0.664,2381,8753,44,5553,18332,1420
6/27/2019,0.816,2373,8753,44,5557,18333,1419
6/28/2019,0.704,2373,8753,44,5566,18331,1419
6/29/2019,0.696,2367,8752,44,5572,18329,1420
6/30/2019,0.476,2358,8752,44,5579,18325,1420
7/1/2019,0.496,2350,8752,44,5585,18320,1420
7/2/2019,0.732,2337,8752,45,5594,18323,1420
7/3/2019,0.688,2308,8753,45,5596,18326,1421
7/4/2019,0.616,2288,8752,45,5605,18329,1421
7/5/2019,1.124,2272,8752,45,5615,18331,1423
7/6/2019,0.76,2268,8753,45,5623,18334,1422
7/7/2019,0.576,2236,8752,45,5633,18337,1421
7/8/2019,0.584,2186,8752,45,5637,18340,1422
7/9/2019,0.472,2175,8754,45,5650,18343,1421
7/10/2019,0.416,2159,8754,45,5658,18346,1421
7/11/2019,0.464,2148,8754,45,5666,18349,1421
7/12/2019,0.564,2123,8754,45,5672,18351,1421
7/13/2019,0.48,2073,8755,45,5682,18354,1421
7/14/2019,0.408,2011,8755,45,5687,18357,1421
7/15/2019,0.388,1987,8755,45,5690,18360,1421
7/16/2019,0.42,1968,8755,45,5709,18363,1421
7/17/2019,0.524,1932,8754,45,5718,18366,1422
7/18/2019,0.492,1901,8754,45,5722,18368,1423
7/19/2019,0.556,1881,8754,45,5729,18371,1423
7/20/2019,0.348,1861,8755,45,5747,18374,1422
7/21/2019,0.34,1841,8755,45,5755,18377,1423
7/22/2019,0.468,1787,8755,45,5763,18387,1423
7/23/2019,0.512,1762,8755,45,5777,18503,1424
7/24/2019,0.344,1752,8755,45,5779,18517,1424
7/25/2019,0.476,1757,8755,45,5784,18527,1424
7/26/2019,0.48,1740,8756,45,5789,18541,1421
7/27/2019,0.32,1732,8756,45,5791,18548,1421
7/28/2019,0.356,1721,8756,45,5796,18547,1421
7/29/2019,0.34,1694,8756,45,5806,18550,1420
7/30/2019,0.404,1682,8756,45,5812,18553,1420
7/31/2019,0.452,1680,8755,45,5820,18544,1421
8/1/2019,0.46,1677,8755,45,5825,18619,1421
8/2/2019,0.58,1667,8756,45,5840,18694,1423
8/3/2019,0.568,1671,8756,45,5845,18757,1421
8/4/2019,0.496,1665,8758,45,5850,18813,1421
8/5/2019,0.512,1651,8760,45,5857,19293,1420
8/6/2019,0.656,1664,8760,45,5865,19490,1420
8/7/2019,0.468,1663,8760,45,5872,19666,1420
8/8/2019,0.472,1681,8760,45,5881,19737,1420
8/9/2019,0.544,1671,8760,45,5889,19767,1420
8/10/2019,0.5,1666,8758,45,5897,19771,1420
8/11/2019,0.4,1661,8758,45,5909,19795,1419
8/12/2019,0.46,1671,8758,47,5917,19820,1418
8/13/2019,0.54,1674,8759,47,5924,19829,1418
8/14/2019,0.484,1688,8759,47,5933,19831,1399
8/15/2019,0.636,1688,8760,47,5940,19848,1418
8/16/2019,0.384,1688,8760,47,5945,19864,1418
8/17/2019,0.38,1698,8759,47,5948,19881,1418
8/18/2019,0.392,1674,8760,48,5952,19893,1417
8/19/2019,0.416,1679,8760,48,5955,19917,1417
8/20/2019,0.572,1683,8762,48,5965,19941,1399
8/21/2019,0.668,1667,8762,48,5966,19961,1398
8/22/2019,0.44,1664,8762,48,5968,19967,1416
8/23/2019,0.464,1669,8762,48,5973,19973,1416
8/24/2019,0.4,1654,8760,48,5976,19978,1416
8/25/2019,0.512,1632,8760,48,5979,19984,1416
8/26/2019,0.604,1628,8761,48,5981,19990,1416
8/27/2019,0.412,1633,8761,48,5992,19990,1415
8/28/2019,0.412,1638,8762,48,6000,19991,1396
8/29/2019,0.704,1615,8761,48,6002,19991,1416
8/30/2019,0.468,1601,8761,48,6008,20000,1417
8/31/2019,0.452,1589,8761,48,6012,20008,1418
9/1/2019,0.456,1581,8760,48,6017,20017,1418
9/2/2019,0.472,1557,8759,48,6021,19991,1418
9/3/2019,0.424,1550,8759,48,6024,20019,1417
9/4/2019,0.412,1540,8761,48,6032,20025,1417
9/5/2019,0.66,1514,8761,48,6040,20022,1417
9/6/2019,0.512,1517,8762,48,6045,20028,1418
9/7/2019,0.44,1526,8761,48,6048,20027,1418
9/8/2019,0.404,1509,8759,48,6051,20027,1418
9/9/2019,0.376,1497,8759,48,6059,20027,1418
9/10/2019,0.404,1497,8759,48,6073,20031,1417
9/11/2019,0.52,1504,8758,48,6079,20031,1399
9/12/2019,0.444,1508,8758,48,6088,20030,1418
9/13/2019,0.444,1516,8758,48,6096,20028,1418
9/14/2019,0.528,1512,8758,48,6102,20028,1418
9/15/2019,0.38,1508,8757,48,6106,20046,1418
9/16/2019,0.464,1531,8757,48,6115,20063,1418
9/17/2019,0.52,1528,8757,48,6124,20069,1418
9/18/2019,0.468,1544,8757,48,6129,20076,1400
9/19/2019,0.372,1542,8757,48,6131,20068,1419
9/20/2019,0.48,1534,8756,48,6132,22035,1421
9/21/2019,0.396,1528,8756,48,6139,24002,1421
9/22/2019,0.456,1530,8757,48,6147,24002,1421
9/23/2019,0.508,1533,8757,49,6162,24002,1423
9/24/2019,0.424,1525,8757,49,6171,27807,1423
9/25/2019,0.516,1532,8757,49,6180,28279,1423
9/26/2019,0.516,1535,8758,49,6189,28750,1423
9/27/2019,0.44,1540,8758,49,6201,28646,1422
9/28/2019,0.492,1549,8760,49,6207,29057,1423
9/29/2019,0.34,1532,8760,49,6218,29057,1423
9/30/2019,0.464,1547,8760,49,6219,29121,1423
10/1/2019,0.396,1535,8758,49,6226,29121,1424
10/2/2019,0.44,1545,8757,49,6230,29121,1424
10/3/2019,0.492,1548,8757,49,6235,29274,1424
10/4/2019,0.9,1548,8757,49,6239,29323,1425
10/5/2019,0.72,1537,8758,50,6243,29323,1425
10/6/2019,0.512,1576,8759,50,6248,29337,1425
10/7/2019,0.624,1574,8759,50,6250,29350,1425
10/8/2019,0.52,1563,8759,50,6256,29372,1426
10/9/2019,0.536,1568,8759,50,6257,29350,1426
10/10/2019,0.528,1562,8758,50,6289,29382,1426
10/11/2019,0.5,1562,8758,50,6312,29414,1426
10/12/2019,0.46,1562,8759,50,6333,29446,1426
10/13/2019,0.348,1562,8759,50,6354,29478,1426
10/14/2019,0.596,1562,8759,50,6363,29478,1426
10/15/2019,0.564,1554,8760,50,6379,29478,1426
10/16/2019,0.416,1562,8760,50,6385,29586,1427
10/17/2019,0.392,1575,8761,51,6395,29598,1425
10/18/2019,0.48,1571,8761,51,6406,29609,1425
10/19/2019,0.524,1560,8761,51,6416,29621,1425
10/20/2019,0.312,1552,8761,51,6426,29632,1424
10/21/2019,0.432,1558,8761,51,6437,29644,1424
10/22/2019,0.44,1542,8761,51,6447,29656,1424
10/23/2019,0.388,1527,8761,51,6456,29667,1424
10/24/2019,0.544,1530,8761,51,6463,29679,1424
10/25/2019,0.516,1525,8761,51,6473,29690,1424
10/26/2019,0.568,1529,8762,51,6479,29702,1424
10/27/2019,0.32,1540,8761,51,6487,29766,1424
10/28/2019,0.552,1523,8761,51,6496,29777,1422
10/29/2019,0.5,1515,8762,51,6505,29796,1425
10/30/2019,0.552,1497,8762,51,6510,29814,1425
10/31/2019,0.492,1493,8763,51,6541,29822,1424
11/1/2019,0.524,1500,8763,51,6573,29829,1426
11/2/2019,0.512,1500,8764,51,6590,29837,1426
11/3/2019,0.392,1489,8764,51,6615,29837,1429
11/4/2019,0.412,1487,8764,51,6634,29837,1429
11/5/2019,0.4,1479,8762,51,6649,29837,1429
11/6/2019,0.512,1465,8763,51,6668,30069,1410
11/7/2019,0.408,1457,8763,51,6684,30076,1430
11/8/2019,0.524,1456,8764,51,6706,30083,1432
11/9/2019,0.404,1441,8762,51,6720,30087,1432
11/10/2019,0.372,1444,8763,51,6731,30091,1433
11/11/2019,0.572,1440,8763,51,6736,30092,1433
11/12/2019,0.444,1440,8762,51,6746,30092,1432
11/13/2019,0.636,1425,8763,51,6755,30125,1432
11/14/2019,0.4,1408,8765,51,6766,30179,1431
11/15/2019,0.54,1426,8765,51,6776,30232,1432
11/16/2019,0.516,1429,8765,51,6785,30209,1434
11/17/2019,0.404,1412,8765,51,6791,30267,1434
11/18/2019,0.38,1412,8764,51,6801,30290,1434
11/19/2019,0.384,1423,8765,52,6815,30307,1435
11/20/2019,0.436,1420,8766,52,6828,30320,1435
11/21/2019,0.552,1416,8766,52,6832,30332,1436
11/22/2019,0.468,1418,8766,52,6840,30343,1436
11/23/2019,0.564,1426,8767,52,6848,30353,1436
11/24/2019,0.592,1436,8767,52,6858,30364,1436
11/25/2019,0.436,1457,8767,52,6867,30361,1436
11/26/2019,0.472,1470,8767,52,6871,30366,1436
11/27/2019,0.48,1485,8768,52,6889,30396,1437
11/28/2019,0.508,1493,8768,52,6894,30396,1436
11/29/2019,0.448,1509,8768,52,6905,30411,1435
11/30/2019,0.288,1502,8769,52,6914,30470,1435
12/1/2019,0.372,1495,8770,52,6918,30474,1436
12/2/2019,0.408,1485,8770,52,6927,30477,1436
12/3/2019,0.372,1484,8771,52,6936,30481,1435
12/4/2019,0.444,1483,8772,52,6948,30484,1416
12/5/2019,0.4,1484,8772,52,6960,30494,1435
12/6/2019,0.432,1485,8771,52,6972,30504,1435
12/7/2019,0.404,1487,8771,52,6985,30515,1435
12/8/2019,0.444,1488,8771,52,6997,30525,1435
12/9/2019,0.524,1489,8772,52,7009,30535,1435
12/10/2019,0.412,1490,8772,52,7021,30545,1434
12/11/2019,0.348,1503,8771,52,7034,30544,1433
12/12/2019,0.3,1504,8771,53,7047,30583,1434
12/13/2019,0.288,1475,8771,53,7059,30622,1435
12/14/2019,0.284,1469,8771,53,7072,30625,1436
12/15/2019,0.252,1460,8772,53,7078,30628,1436
12/16/2019,0.272,1451,8773,53,7085,30652,1436
12/17/2019,0.348,1440,8773,54,7099,30676,1436
12/18/2019,0.404,1428,8772,54,7102,30675,1436
12/19/2019,0.408,1428,8772,54,7109,30673,1438
12/20/2019,0.38,1444,8772,54,7122,30686,1437
12/21/2019,0.268,1435,8774,54,7135,30710,1437
12/22/2019,0.232,1426,8773,54,7142,30701,1437
12/23/2019,0.264,1396,8773,54,7152,30701,1437
12/24/2019,0.176,1366,8773,54,7158,30696,1437
12/25/2019,0.192,1336,8772,55,7163,30709,1437
12/26/2019,0.16,1306,8772,56,7169,30708,1437
12/27/2019,0.308,1276,8772,56,7173,30705,1437
12/28/2019,0.244,1276,8772,56,7176,31689,1438
12/29/2019,0.332,1279,8772,56,7184,31929,1437
12/30/2019,0.292,1272,8771,56,7192,31963,1435
12/31/2019,0.296,1278,8771,56,7196,31965,1435
1/1/2020,0.176,1262,8772,56,7201,31961,1438
1/2/2020,0.24,1266,8773,56,7218,31959,1437
1/3/2020,0.344,1240,8776,56,7224,31958,1437
1/4/2020,0.308,1239,8776,56,7230,31956,1440
1/5/2020,0.24,1219,8776,57,7235,31954,1440
1/6/2020,0.308,1208,8777,57,7241,31953,1440
1/7/2020,0.28,1194,8777,57,7247,31951,1440
1/8/2020,0.364,1169,8778,57,7254,31949,1441
1/9/2020,0.572,1139,8779,57,7267,31948,1441
1/10/2020,0.504,1142,8781,57,7279,31946,1440
1/11/2020,0.324,1133,8780,57,7290,31946,1440
1/12/2020,0.324,1126,8780,57,7300,31946,1440
1/13/2020,0.432,1121,8780,57,7311,32018,1441
1/14/2020,0.456,1117,8783,57,7321,32019,1441
1/15/2020,0.332,1119,8784,57,7335,32019,1441
1/16/2020,0.44,1110,8784,57,7351,32012,1441
1/17/2020,0.36,1090,8782,57,7366,31992,1441
1/18/2020,0.256,1090,8782,57,7382,31994,1441
1/19/2020,0.224,1089,8782,57,7391,32000,1441
1/20/2020,0.272,1084,8780,57,7399,31989,1441
1/21/2020,0.256,1077,8781,57,7410,31996,1442
1/22/2020,0.308,1069,8782,57,7421,32001,1442
1/23/2020,0.332,1066,8782,57,7431,32010,1442
1/24/2020,0.348,1081,8783,57,7442,32016,1443
1/25/2020,0.38,1104,8784,57,7448,32018,1442
1/26/2020,0.32,1102,8784,57,7455,32020,1442
1/27/2020,0.46,1117,8786,57,7461,32020,1443
1/28/2020,0.364,1118,8787,57,7473,32020,1442
1/29/2020,0.296,1124,8787,57,7482,32020,1441
1/30/2020,0.4,1126,8787,57,7492,32050,1441
1/31/2020,0.384,1127,8786,57,7501,32050,1440
2/1/2020,0.344,1130,8787,57,7515,32050,1440
2/2/2020,0.38,1126,8787,58,7528,32039,1439
2/3/2020,0.228,1138,8788,58,7531,32046,1439
2/4/2020,0.248,1146,8787,58,7543,32051,1439
2/5/2020,0.312,1146,8789,58,7555,32056,1439
2/6/2020,0.352,1147,8790,57,7566,32069,1439
2/7/2020,0.284,1137,8790,57,7578,32089,1438
2/8/2020,0.316,1146,8790,57,7590,32115,1436
2/9/2020,0.216,1151,8789,57,7601,32146,1436
2/10/2020,0.3,1158,8789,57,7611,32156,1436
2/11/2020,0.296,1154,8789,57,7627,32165,1436
2/12/2020,0.3,1146,8787,57,7641,32172,1416
2/13/2020,0.324,1140,8787,58,7657,32171,1435
2/14/2020,0.348,1144,8788,58,7672,32174,1435
2/15/2020,0.276,1144,8787,58,7684,32179,1435
2/16/2020,0.24,1142,8787,58,7690,32186,1435
2/17/2020,0.284,1140,8786,58,7699,32194,1436
2/18/2020,0.176,1148,8787,58,7716,32191,1434
2/19/2020,0.284,1160,8787,58,7725,32176,1434
2/20/2020,0.264,1156,8788,58,7734,32190,1435
2/21/2020,0.304,1152,8787,58,7742,32197,1435
2/22/2020,0.256,1142,8787,58,7751,32201,1436
2/23/2020,0.3,1139,8789,58,7763,32204,1435
2/24/2020,0.264,1125,8789,58,7774,32184,1435
2/25/2020,0.284,1128,8789,58,7780,32183,1436
2/26/2020,0.204,1120,8789,58,7796,32183,1436
2/27/2020,0.248,1113,8789,58,7812,32182,1436
2/28/2020,0.208,1114,8788,58,7828,32180,1436
2/29/2020,0.236,1097,8788,58,7849,32182,1436
3/1/2020,0.216,1086,8789,59,7870,32166,1436
3/2/2020,0.208,1064,8788,59,7891,32169,1436
3/3/2020,0.248,1059,8789,59,7913,32170,1436
3/4/2020,0.388,1053,8789,59,7934,32171,1436
3/5/2020,0.34,1051,8789,60,7955,32171,1436
3/6/2020,0.436,1039,8789,60,7976,32171,1436
3/7/2020,0.376,1039,8789,60,7983,32171,1436
3/8/2020,0.292,1039,8791,61,7988,32171,1436
3/9/2020,0.392,1038,8793,61,7992,32171,1436
3/10/2020,0.336,1047,8793,62,8002,32188,1436
3/11/2020,0.332,1045,8793,62,8012,32190,1436
3/12/2020,0.288,1045,8795,63,8022,32185,1436
3/13/2020,0.352,1030,8795,63,8034,32193,1435
3/14/2020,0.256,1035,8795,63,8045,32198,1435
3/15/2020,0.292,1033,8794,63,8048,32205,1435
3/16/2020,0.22,1031,8795,63,8057,32202,1435
3/17/2020,0.284,1045,8795,63,8066,32206,1435
3/18/2020,0.208,1031,8795,63,8069,32210,1416
3/19/2020,0.332,1021,8796,63,8077,32214,1435
3/20/2020,0.308,1011,8796,63,8085,32225,1436
3/21/2020,0.256,1014,8797,63,8088,32246,1435
3/22/2020,0.352,1018,8798,63,8097,32245,1435
3/23/2020,0.216,1003,8798,63,8108,32273,1436
3/24/2020,0.216,1000,8797,63,8112,32281,1436
3/25/2020,0.216,999,8797,63,8115,32286,1437
3/26/2020,0.256,1006,8799,62,8120,32301,1437
3/27/2020,0.392,1013,8800,62,8126,32317,1437
3/28/2020,0.4,1020,8801,62,8132,32311,1437
3/29/2020,0.432,1028,8802,62,8138,32334,1438
3/30/2020,0.284,1035,8803,62,8143,32356,1439
3/31/2020,0.212,1042,8804,62,8149,32357,1440
4/1/2020,0.312,1042,8806,62,8155,32358,1439
4/2/2020,0.384,1054,8806,62,8160,32349,1440
4/3/2020,2.308,1059,8801,62,8168,32352,1440
4/4/2020,0.756,1081,8803,63,8175,32358,1442
4/5/2020,0.632,1092,8807,63,8182,32375,1442
4/6/2020,0.652,1102,8809,63,8187,32394,1442
4/7/2020,1.172,1102,8809,63,8189,32415,1441
4/8/2020,1.296,1125,8809,63,8201,32422,1441
4/9/2020,1.428,1138,8808,63,8215,32426,1442
4/10/2020,1.268,1156,8810,63,8227,32432,1441
4/11/2020,0.948,1173,8809,63,8237,32447,1442
4/12/2020,1.408,1193,8810,63,8248,32464,1441
4/13/2020,1.14,1221,8812,63,8251,32486,1442
4/14/2020,0.804,1220,8813,63,8261,32505,1442
4/15/2020,0.92,1240,8813,65,8272,32517,1441
4/16/2020,1.004,1253,8815,65,8276,32520,1441
4/17/2020,1.168,1272,8815,65,8282,32535,1442
4/18/2020,1.008,1294,8821,65,8290,32528,1443
4/19/2020,0.764,1303,8824,65,8292,32536,1442
4/20/2020,1.036,1316,8828,65,8299,32566,1442
4/21/2020,1.068,1340,8829,65,8302,32585,1440
4/22/2020,1.388,1357,8833,65,8307,32614,1440
4/23/2020,1.6,1382,8835,65,8314,32621,1441
4/24/2020,1.724,1427,8836,65,8321,32645,1442
4/25/2020,1.664,1448,8835,65,8327,32677,1423
4/26/2020,1.3,1471,8843,65,8331,32692,1442
4/27/2020,0.892,1483,8846,65,8337,32705,1443
4/28/2020,0.652,1502,8847,65,8344,32726,1442
4/29/2020,0.944,1498,8849,65,8353,32754,1423
4/30/2020,1.364,1500,8850,65,8357,32771,1441
5/1/2020,1.34,1506,8304,65,8363,32789,1444
5/2/2020,1.08,1511,4692,65,8367,32802,1444
5/3/2020,1.132,1498,8849,65,8377,32803,1444
5/4/2020,1.012,1498,8849,65,8381,32819,1443
5/5/2020,3.844,1555,4701,65,8385,32807,1443
5/6/2020,4.072,1555,4701,65,8391,32898,1445
5/7/2020,2.124,1555,4701,65,8406,32923,1444
5/8/2020,3.112,1555,4701,66,8417,32950,1444
5/9/2020,1.72,1555,4701,66,8427,32964,1442
5/10/2020,1.312,1909,4724,67,8432,32968,1442
5/11/2020,1.184,1909,4724,67,8433,32992,1442
5/12/2020,1.056,1909,4724,67,8440,33004,1445
5/13/2020,2.856,1909,4724,67,8445,33007,1425
5/14/2020,1.068,1914,4733,67,8451,33022,1448
5/15/2020,2.408,1914,4733,67,8453,33030,1449
5/16/2020,1.572,1914,4733,67,8455,33051,1451
5/17/2020,1.584,1914,4733,67,8462,33068,1457
5/18/2020,1.56,1914,4733,67,8469,33068,1458
5/19/2020,2.024,2329,4748,68,8478,33074,1461
5/20/2020,2.232,2376,4753,68,8484,33103,1462
5/21/2020,3,2329,4748,68,8486,33114,1463
5/22/2020,3.624,2329,4748,68,8493,33140,1463
5/23/2020,1.908,2329,4748,68,8495,33153,1464
5/24/2020,1.24,3184,4758,68,8504,33146,1465
5/25/2020,1.368,3295,4760,68,8507,33140,1464
5/26/2020,1.304,3184,4758,68,8514,33147,1463
5/27/2020,0.88,3439,4760,68,8516,33154,1443
5/28/2020,0.976,3439,4760,68,8522,33164,1462
5/29/2020,1.94,3439,4760,68,8531,33169,1465
5/30/2020,1.184,3439,4760,68,8536,33168,1464
5/31/2020,1.664,3545,4761,68,8542,33178,1465
6/1/2020,2.096,3572,4761,68,8546,33200,1465
6/2/2020,1.784,3572,4761,68,8555,33196,1465
6/3/2020,1.172,3572,4761,68,8556,33210,1465
6/4/2020,1.344,3572,4761,68,8566,33209,1465
6/5/2020,1.592,3572,4761,68,8575,33230,1465
6/6/2020,1.268,4115,4760,68,8583,33231,1467
6/7/2020,3.208,4115,4760,68,8587,33257,1468
6/8/2020,21.076,4115,4760,69,8593,33255,1467
6/9/2020,21.336,4764,4761,69,8603,33252,1467
6/10/2020,9.516,9829,4762,69,8607,33257,1467
6/11/2020,8.36,14963,4763,69,8617,33261,1466
6/12/2020,4.928,14963,4763,69,8620,33271,1466
6/13/2020,1.336,14963,4763,69,8625,33282,1465
6/14/2020,0.856,14963,4763,69,8629,33249,1465
6/15/2020,0.852,14963,4763,69,8631,33262,1463
6/16/2020,0.976,19662,4764,69,8638,33260,1464
6/17/2020,1.332,19662,4764,69,8649,33271,1446
6/18/2020,1.996,19662,4764,69,8654,33294,1464
6/19/2020,1.288,19662,4764,69,8657,33302,1464
6/20/2020,0.856,19308,4772,69,8667,33309,1464
6/21/2020,1.28,19308,4772,69,8670,33309,1465
6/22/2020,1.02,19308,4772,69,8677,33309,1465
6/23/2020,0.924,18768,4777,69,8678,33309,1465
6/24/2020,1.592,19308,4772,69,8688,33362,1446
6/25/2020,1.328,18718,4778,69,8694,33359,1465
6/26/2020,1.256,18718,4778,69,8699,33366,1465
6/27/2020,1.232,18726,4780,69,8701,33375,1465
6/28/2020,0.912,18726,4781,69,8710,33381,1466
6/29/2020,0.804,18644,4783,69,8716,33373,1466
6/30/2020,0.82,18415,4785,69,8720,33372,1465
7/1/2020,0.608,18155,4784,69,8723,33379,1465
7/2/2020,0.884,18155,4784,69,8727,33384,1463
7/3/2020,1.088,18155,4784,69,8730,33388,1462
7/4/2020,0.668,18155,4784,69,8734,33397,1462
7/5/2020,1.12,18155,4784,69,8738,33397,1460
7/6/2020,0.88,17905,4786,69,8741,33394,1462
7/7/2020,0.764,17905,4786,69,8745,33389,1463
7/8/2020,1.22,17905,4786,69,8748,33393,1463
7/9/2020,0.82,17905,4786,69,8752,33387,1463
7/10/2020,1.392,17905,4786,69,8759,33397,1460
7/11/2020,2.424,3169,4788,69,8759,33403,1460
7/12/2020,1.672,3169,4788,69,8763,33395,1461
7/13/2020,1.268,3169,4788,69,8767,33396,1461
7/14/2020,1.648,3169,4788,69,8770,33402,1461
7/15/2020,1.732,3169,4788,70,8775,33400,1462
7/16/2020,0.956,2982,4796,70,8780,33395,1462
7/17/2020,0.8,2982,4796,70,8780,33421,1462
7/18/2020,12.372,3157,4795,70,8797,33412,1463
7/19/2020,29.812,3167,4796,70,8805,33413,1463
7/20/2020,5.584,3157,4795,70,8812,33416,1464
7/21/2020,4.404,3157,4795,70,8816,33417,1464
7/22/2020,4.012,3157,4795,70,8816,33410,1464
7/23/2020,3.808,3167,4796,70,8825,33426,1465
7/24/2020,3.612,12918,4797,70,8832,33446,1465
7/25/2020,3.752,12918,4797,70,8834,33463,1465
7/26/2020,3.86,12918,4797,70,8839,33466,1465
7/27/2020,4.532,14904,4794,70,8846,33466,1465
7/28/2020,5.764,15630,4794,70,8853,33454,1465
7/29/2020,7.76,16470,4794,70,8858,33450,1465
7/30/2020,9.048,17527,4795,70,8858,33443,1465
7/31/2020,10.112,17527,4795,70,8867,33445,1466
8/1/2020,9.104,17527,4795,70,8875,33463,1466
8/2/2020,8.632,17527,4795,71,8875,33468,1466
8/3/2020,8.212,17527,4795,71,8881,33482,1466
8/4/2020,7.832,26384,4796,71,8884,33485,1466
8/5/2020,8.72,26384,4796,71,8906,33489,1465
8/6/2020,9.052,26384,4796,71,8906,33480,1464
8/7/2020,9.452,26384,4796,71,8913,33483,1464
8/8/2020,9.588,33041,4797,71,8917,33490,1464
8/9/2020,10.016,34701,4797,71,8918,33495,1464
8/10/2020,10.332,34701,4797,71,8921,33475,1465
8/11/2020,11.436,34701,4797,71,8935,33482,1465
8/12/2020,11.744,34701,4797,71,8940,33482,1465
8/13/2020,11.396,41852,4798,71,8943,33470,1465
8/14/2020,10.876,43897,4798,71,8945,33474,1465
8/15/2020,10.528,45978,4798,71,8950,33477,1464
8/16/2020,10.536,47848,4801,71,8959,33479,1464
8/17/2020,10.092,47484,4801,71,8961,33475,1465
8/18/2020,10.54,44192,4801,71,8966,33483,1467
8/19/2020,8.752,44792,4804,71,8968,33486,1467
8/20/2020,6.34,45962,4805,71,8971,33484,1466
8/21/2020,5.148,47055,4804,71,8971,33479,1465
8/22/2020,7.472,47625,4804,71,8971,33490,1466
8/23/2020,7.96,47934,4803,71,8971,33503,1467
8/24/2020,8.776,48752,4803,71,8971,33513,1467
8/25/2020,7.404,48752,4803,71,8971,33514,1467
8/26/2020,6.22,48752,4803,71,8990,33521,1467
8/27/2020,5.688,50371,4808,71,8992,33525,1467
8/28/2020,9.148,49984,4812,71,8992,33527,1467
8/29/2020,9.816,49338,4813,71,8999,33529,1467
8/30/2020,7.448,49409,4811,71,9001,33533,1467
8/31/2020,7.784,49627,4812,71,9005,33542,1467
9/1/2020,8.368,49275,4815,71,9013,33537,1467
9/2/2020,10.872,49121,4816,71,9019,33541,1467
9/3/2020,10.788,49237,4819,71,9025,33545,1466
9/4/2020,11.6,49757,4820,71,9034,33541,1466
9/5/2020,11.264,50499,4820,71,9040,33548,1466
9/6/2020,11.148,51439,4822,71,9044,33544,1466
9/7/2020,11.748,52312,4822,71,9048,33542,1467
9/8/2020,10.208,52802,4822,71,9052,33546,1467
9/9/2020,9.956,53362,4824,71,9052,33551,1467
9/10/2020,10.104,53427,4824,71,9058,33562,1467
9/11/2020,11.028,53245,4824,71,9059,33567,1467
9/12/2020,10.412,53043,4824,71,9059,33581,1467
9/13/2020,9.364,53112,4825,71,9061,33580,1466
9/14/2020,7.812,53117,4825,71,9062,33580,1466
9/15/2020,6.768,52917,4825,71,9064,33576,1466
9/16/2020,5.984,52530,4825,71,9071,33573,1466
9/17/2020,6.24,51843,4825,71,9080,33571,1466
9/18/2020,6.124,52530,4825,71,9080,33568,1466
9/19/2020,5.852,51269,4826,71,9100,33574,1466
9/20/2020,5.676,51621,4829,71,9103,33579,1466
9/21/2020,6.064,51520,4829,71,9106,33591,1466
9/22/2020,7.392,51256,4829,71,9111,33614,1466
9/23/2020,7.548,51256,4829,71,9111,33614,1457
9/24/2020,7.512,51470,4831,71,9122,33614,1448
9/25/2020,6.644,52018,4832,71,9132,33614,1465
9/26/2020,6.808,52676,4832,71,9141,33614,1465
9/27/2020,6.408,52247,4834,71,9144,33614,1465
9/28/2020,6.036,51683,4836,71,9148,33614,1465
9/29/2020,6,51470,4832,71,9155,33895,1465
9/30/2020,5.116,51479,4835,71,9171,34177,1465
10/1/2020,4.608,51027,4835,71,9182,34458,1464
10/2/2020,4.656,49813,4838,71,9195,34739,1463
10/3/2020,4.368,48327,4840,71,9207,35021,1464
10/4/2020,4.136,48327,4840,71,9212,35302,1463
10/5/2020,1.684,44885,4841,71,9214,35583,1463
10/6/2020,1.032,43426,4842,71,9232,35865,1463
10/7/2020,0.896,43426,4842,71,9241,36146,1463
10/8/2020,1.996,43426,4842,71,9250,36427,1463
10/9/2020,4.7,43426,4842,71,9253,36709,1463
10/10/2020,1.196,35397,4849,71,9262,36990,1462
10/11/2020,0.96,35397,4849,71,9262,37000,1463
10/12/2020,3.7,35397,4849,71,9262,37025,1462
10/13/2020,5.26,29774,4853,71,9262,37034,1461
10/14/2020,6.472,29774,4853,71,9294,37041,1461
10/15/2020,7.6,27857,4857,71,9303,37048,1460
10/16/2020,8.732,27857,4857,71,9308,37052,1461
10/17/2020,9.556,27158,4857,71,9331,37058,1461
10/18/2020,11.508,27262,4858,71,9331,37065,1461
10/19/2020,13.5,27262,4858,71,9331,37066,1460
10/20/2020,2.112,27262,4858,71,9331,37073,1462
10/21/2020,1.588,27262,4858,71,9331,37064,1462
10/22/2020,1.324,27262,4858,71,9331,37063,1461
10/23/2020,1.776,26279,4864,71,9331,37067,1461
10/24/2020,2.348,24705,4866,71,9331,37053,1462
10/25/2020,2.38,23457,4868,71,9331,37065,1464
10/26/2020,3.24,23457,4868,71,9331,37059,1463
10/27/2020,2.768,21103,4875,71,9331,37055,1463
10/28/2020,3.14,20304,4876,71,9331,37060,1461
10/29/2020,2.572,19368,4876,71,9331,37056,1461
10/30/2020,4.5,18695,4877,71,9331,37065,1461
10/31/2020,6.96,18163,4877,71,9331,37065,1461
11/1/2020,4.972,18163,4877,71,9463,37059,1460
11/2/2020,5.448,18288,4878,71,9464,37067,1460
11/3/2020,3.852,18288,4878,71,9464,37070,1460
11/4/2020,4.976,18812,4881,71,9464,37064,1461
11/5/2020,3.74,19326,4882,71,9464,37063,1460
11/6/2020,5.172,20105,4883,71,9487,37065,1459
11/7/2020,3.88,20105,4883,71,9487,37079,1460
11/8/2020,6.016,20495,4885,71,9487,37097,1463
11/9/2020,3.744,20495,4885,71,9487,37136,1464
11/10/2020,4.968,20495,4885,71,9487,37174,1465
11/11/2020,1.884,22377,4895,71,9487,37175,1465
11/12/2020,1.908,22661,4898,71,9487,37179,1465
11/13/2020,2.012,22178,4901,71,9487,37187,1465
11/14/2020,1.956,21287,4903,71,9552,37224,1465
11/15/2020,1.96,21287,4905,71,9552,37232,1467
11/16/2020,2.308,18884,4907,71,9565,37257,1469
11/17/2020,2.276,17358,4910,71,9578,37273,1469
11/18/2020,1.868,17358,4909,71,9584,37288,1469
11/19/2020,1.984,15442,4911,71,9587,37285,1468
11/20/2020,2.18,15574,4910,71,9590,37283,1469
11/21/2020,2.3,15679,4913,71,9597,37285,1450
11/22/2020,2.236,15710,4916,71,9608,37290,1469
11/23/2020,3.856,15712,4920,71,9611,37309,1469
11/24/2020,3.156,15684,4925,71,9614,37329,1470
11/25/2020,2.956,15861,4928,71,9617,37517,1470
11/26/2020,2.416,15890,4931,71,9633,37525,1469
11/27/2020,2.696,15890,4931,71,9638,37548,1469
11/28/2020,2.632,15677,4934,71,9642,37565,1469
11/29/2020,1.948,15267,4937,71,9648,37572,1469
11/30/2020,1.8,15267,4937,71,9655,37567,1469
12/1/2020,2.164,13826,4941,71,9664,37573,1468
12/2/2020,2.148,13826,4945,71,9667,37571,1469
12/3/2020,1.656,12892,4946,71,9677,37571,1470
12/4/2020,2.168,12892,4946,71,9682,37571,1470
12/5/2020,2.08,12892,4946,71,9689,37578,1471
12/6/2020,2.704,12892,4946,72,9697,37584,1471
12/7/2020,2.992,12892,4946,72,9697,37585,1471
12/8/2020,2.908,10182,4954,72,9703,37594,1471
12/9/2020,2.492,10182,4954,72,9708,37596,1474
12/10/2020,2.596,10182,4954,72,9712,37623,1474
12/11/2020,2.4,10182,4954,72,9717,37632,1473
12/12/2020,2.472,9661,4962,72,9721,37652,1470
12/13/2020,2.196,9661,4962,72,9732,37669,1470
12/14/2020,2.192,9788,4967,72,9740,37673,1472
12/15/2020,1.908,9788,4967,72,9743,37675,1471
12/16/2020,1.944,9788,4967,72,9750,37674,1471
12/17/2020,1.98,9788,4967,72,9753,37676,1472
12/18/2020,2.456,9788,4967,72,9757,37691,1473
12/19/2020,2.288,9916,4976,72,9766,37732,1455
12/20/2020,2.344,9916,4976,72,9783,37869,1472
12/21/2020,1.808,9916,4976,72,9798,37979,1472
12/22/2020,2.716,9916,4976,73,9812,38122,1472
12/23/2020,3.264,9916,4976,73,9812,38194,1473
12/24/2020,3.132,9805,4992,73,9828,38237,1474
12/25/2020,2.696,9805,4992,73,9838,38277,1474
12/26/2020,2.708,9805,4992,73,9857,38336,1474
12/27/2020,2.872,9805,4992,73,9866,38363,1474
12/28/2020,2.872,9805,4992,73,9873,38383,1474
12/29/2020,2.972,10391,5003,73,9877,38407,1474
12/30/2020,8.94,10391,5003,73,9881,38417,1475
12/31/2020,2.94,10391,5003,73,9888,38422,1474
1/1/2021,2.728,10391,5003,73,9898,38416,1474
1/2/2021,2.976,10391,5003,73,9904,38411,1474
1/3/2021,2.796,10391,5003,73,9912,38436,1475
1/4/2021,1.932,11122,5012,73,9919,38459,1475
1/5/2021,1.668,11122,5012,73,9929,38471,1475
1/6/2021,1.784,11122,5012,74,9935,38476,1475
1/7/2021,1.816,11122,5012,74,9935,38474,1475
1/8/2021,1.684,11122,5012,74,9960,38468,1475
1/9/2021,1.556,10549,5016,74,9969,38467,1476
1/10/2021,1.6,10549,5016,74,9986,38479,1477
1/11/2021,1.832,10549,5016,74,9999,38492,1476
1/12/2021,1.684,10118,5018,74,10002,38510,1477
1/13/2021,2.496,10050,5017,74,10007,38527,1478
1/14/2021,6.758,10050,5017,74,10020,38538,1479
1/15/2021,1.752,9881,5021,74,10025,38548,1479
1/16/2021,1.412,9807,5021,79,10031,38555,1479
1/17/2021,0.988,9807,5021,79,10031,38563,1479
1/18/2021,1.12,9807,5021,79,10106,38565,1460
1/19/2021,1.092,9807,5021,79,10116,38564,1479
1/20/2021,1.232,9807,5021,79,10122,38569,1480
1/21/2021,1.02,8894,5030,79,10127,38562,1480
1/22/2021,1.144,8585,5029,79,10127,38566,1481
1/23/2021,1.276,8585,5029,79,10144,38565,1481
1/24/2021,0.652,8585,5029,79,10156,38588,1481
1/25/2021,0.948,8585,5029,79,10164,38608,1482
1/26/2021,0.636,8585,5029,79,10173,38625,1481
1/27/2021,0.756,6942,5046,79,10180,38621,1480
1/28/2021,1.352,6558,5049,79,10182,38646,1482
1/29/2021,7.464,6205,5051,79,10190,38653,1481
1/30/2021,0.804,5856,5051,79,10196,38663,1481
1/31/2021,0.74,5507,5055,79,10206,38663,1482
2/1/2021,1.004,5507,5055,79,10213,38667,1484
2/2/2021,0.812,5507,5055,79,10213,38680,1483
2/3/2021,0.884,4486,5062,79,10223,38686,1483
2/4/2021,0.788,4296,5065,79,10234,38682,1484
2/5/2021,0.636,4102,5068,79,10236,38672,1484
2/6/2021,0.816,3863,5071,79,10247,38667,1484
2/7/2021,0.692,3694,5072,79,10258,38673,1484
2/8/2021,0.648,3545,5074,79,10271,38679,1484
2/9/2021,0.632,3372,5076,79,10277,38685,1485
2/10/2021,0.664,3183,5076,79,10283,38692,1484
2/11/2021,0.596,3013,5077,79,10283,38695,1484
2/12/2021,0.812,2799,5078,79,10297,38704,1484
2/13/2021,0.764,2593,5079,79,10304,38705,1483
2/14/2021,0.624,2441,5084,79,10311,38715,1483
2/15/2021,7.978,2345,5086,79,10319,38724,1483
2/16/2021,0.868,2275,5085,79,10325,38734,1482
2/17/2021,0.892,2208,5088,79,10334,38753,1481
2/18/2021,0.68,2142,5092,79,10340,38750,1482
2/19/2021,0.656,2075,5095,79,10350,38747,1481
2/20/2021,0.72,1988,5097,79,10359,38744,1480
2/21/2021,0.532,1935,5099,79,10367,38741,1480
2/22/2021,0.668,1870,5104,79,10373,38738,1481
2/23/2021,0.592,1871,5108,79,10380,38735,1482
2/24/2021,0.704,1864,5111,79,10386,38735,1481
2/25/2021,0.628,1848,5115,79,10398,38740,1482
2/26/2021,0.532,1852,5116,78,10406,38745,1483
2/27/2021,0.676,1839,5120,78,10412,38750,1483
2/28/2021,0.864,1823,5120,79,10415,38749,1483
3/1/2021,7.43,1812,5122,80,10421,38747,1483
3/2/2021,0.56,1817,5123,80,10434,38746,1483
3/3/2021,0.696,1819,5126,80,10452,38744,1483
3/4/2021,0.616,1805,5134,80,10452,38748,1484
3/5/2021,0.572,1814,5134,80,10473,38751,1485
3/6/2021,0.708,1807,5136,80,10479,38755,1486
3/7/2021,0.464,1800,5136,80,10487,38758,1465
3/8/2021,0.496,1792,5136,80,10491,38766,1484
3/9/2021,0.504,1785,5138,80,10500,38773,1484
3/10/2021,0.576,1783,5140,80,10504,38781,1484
3/11/2021,0.496,1779,5140,80,10511,38780,1484
3/12/2021,0.548,1769,5144,80,10517,38779,1484
3/13/2021,0.58,1765,5146,80,10529,38777,1483
3/14/2021,6.248,1744,5149,80,10541,38776,1484
3/15/2021,0.468,1728,5154,80,10548,38776,1484
3/16/2021,0.744,1704,5156,80,10553,38775,1484
3/17/2021,0.9,1689,5157,80,10556,38775,1484
3/18/2021,0.732,1713,5160,80,10564,38775,1483
3/19/2021,0.74,1738,5162,80,10571,38774,1484
3/20/2021,0.66,1754,5163,80,10574,38774,1484
3/21/2021,0.588,1785,5164,80,10578,38774,1485
3/22/2021,0.696,1795,5166,80,10578,38773,1485
3/23/2021,1.504,1813,5169,80,10591,38773,1485
3/24/2021,0.904,1906,5169,79,10600,39053,1485
3/25/2021,0.952,2003,5172,79,10600,39333,1485
3/26/2021,0.672,2034,5173,79,10610,39612,1485
3/27/2021,0.616,2044,5175,79,10621,39892,1484
3/28/2021,0.552,2061,5176,79,10631,40001,1485
3/29/2021,8.944,2065,5180,79,10633,40111,1486
3/30/2021,0.604,2042,5183,79,10637,40220,1485
3/31/2021,0.496,2038,5187,79,10642,40303,1486
4/1/2021,0.612,2031,5191,80,10642,40386,1486
4/2/2021,0.528,2018,5193,80,10659,40468,1487
4/3/2021,0.524,2011,5195,80,10669,40551,1487
4/4/2021,0.412,2003,5196,80,10677,40574,1487
4/5/2021,0.54,1995,5197,80,10684,40596,1487
4/6/2021,0.644,1987,5198,80,10685,40619,1488
4/7/2021,0.612,1981,5204,80,10690,40626,1488
4/8/2021,1.064,1988,5203,80,10690,40632,1488
4/9/2021,0.576,1986,5207,80,10695,40639,1487
4/10/2021,0.68,1993,5215,80,10698,40658,1487
4/11/2021,0.476,1999,5217,80,10701,40652,1487
4/12/2021,0.6,2004,5221,80,10712,40650,1486
4/13/2021,0.464,2016,5225,80,10716,40650,1485
4/14/2021,9.112,2024,5229,80,10722,40650,1486
4/15/2021,0.528,1985,5232,80,10724,40645,1486
4/16/2021,0.504,1951,5235,80,10728,40640,1486
4/17/2021,0.468,1929,5239,80,10728,40645,1486
4/18/2021,0.496,1905,5243,80,10730,40650,1485
4/19/2021,0.668,1892,5245,80,10736,40654,1486
4/20/2021,0.672,1873,5247,80,10738,40659,1486
4/21/2021,2.013,1845,5253,80,10740,40658,1467
4/22/2021,19.211,1668,5257,80,10748,40656,1485
4/23/2021,36.115,1625,5262,80,10750,40655,1485
4/24/2021,36.169,1618,5266,80,10757,40653,1484
4/25/2021,36.069,1597,5267,80,10762,40653,1485
4/26/2021,36.031,1595,5269,81,10763,40659,1485
4/27/2021,36.141,1579,5271,81,10763,40664,1486
4/28/2021,36.077,1562,5273,81,10769,40670,1486
4/29/2021,48.549,1570,5273,81,10773,40670,1487
4/30/2021,36.067,1558,5277,81,10773,40669,1488
5/1/2021,36.159,1560,5281,82,10789,40669,1488
5/2/2021,36.197,1554,5282,82,10789,40668,1487
5/3/2021,36.319,1546,5284,82,10803,40665,1468
5/4/2021,36.185,1556,5287,82,10807,40661,1488
5/5/2021,36.567,1573,5294,82,10810,40658,1488
5/6/2021,36.19225,1562,5296,82,10811,40655,1490
5/7/2021,36.33025,1570,5297,82,10815,40652,1490
5/8/2021,36.35425,1578,5298,82,10819,40649,1490
5/9/2021,36.05625,1586,5301,82,10843,40646,1491
5/10/2021,36.28025,1580,5308,82,10848,40649,1471
5/11/2021,36.07025,1585,5309,82,10850,40653,1489
5/12/2021,36.16225,1574,5312,82,10855,40656,1489
5/13/2021,36.23425,1574,5316,82,10862,40666,1489
5/14/2021,42.37625,1568,5319,82,10866,40676,1470
5/15/2021,36.25625,1564,5322,82,10875,40686,1489
5/16/2021,36.62025,1562,5322,82,10879,40692,1488
5/17/2021,35.98425,1552,5323,82,10881,40698,1484
5/18/2021,36.25425,1572,5326,82,10881,40703,1481
5/19/2021,36.25225,1570,5327,82,10881,40709,1462
5/20/2021,36.3215,1562,5330,82,10890,40715,1481
5/21/2021,36.0935,1566,5330,82,10893,40722,1480
5/22/2021,36.2555,1562,5333,82,10893,40729,1480
5/23/2021,36.2855,1562,5332,82,10914,40736,1479
5/24/2021,36.2875,1580,5338,82,10924,40743,1482
5/25/2021,36.5815,1609,5339,82,10932,40753,1481
5/26/2021,36.4755,1641,5340,82,10932,40762,1481
5/27/2021,36.6855,1660,5343,82,10938,40772,1480
5/28/2021,36.6075,1661,5345,82,10944,40781,1478
5/29/2021,42.2075,1687,5346,82,10948,40791,1476
5/30/2021,36.3835,1713,5348,82,10952,40794,1475
5/31/2021,36.6735,1735,5349,82,10957,40798,1475
6/1/2021,36.4915,1774,5350,82,10962,40801,1474
6/2/2021,36.4955,1825,5352,82,10964,40805,1474
6/3/2021,36.4995,1880,5350,82,10967,40808,1475
6/4/2021,36.47875,1904,5352,82,10971,40818,1476
6/5/2021,36.47675,1916,5354,82,10974,40828,1476
6/6/2021,36.45675,1914,5357,82,10979,40839,1477
6/7/2021,36.29075,1939,5362,82,10979,40849,1475
6/8/2021,36.39275,1944,5361,82,10982,40859,1475
6/9/2021,36.48075,1944,5364,82,10987,40869,1475
6/10/2021,36.28275,1951,5365,82,10989,40875,1474
6/11/2021,36.39675,1961,5363,82,10994,40881,1474
6/12/2021,36.51675,1955,5364,82,10994,40887,1474
6/13/2021,36.12675,1961,5364,82,10994,40893,1475
6/14/2021,41.95275,1966,5366,82,10994,40899,1475
6/15/2021,36.32475,1946,5368,82,10994,40894,1475
6/16/2021,36.38475,1943,5370,82,11012,40894,1475
6/17/2021,36.24075,1942,5371,82,11018,40896,1475
6/18/2021,36.274,1930,5373,82,11021,40894,1456
6/19/2021,36.888,1931,5375,82,11024,40882,1476
6/20/2021,36.24,1926,5376,82,11027,40870,1477
6/21/2021,36.778,1902,5379,82,11031,40865,1476
6/22/2021,37.232,1879,5380,83,11033,40867,1476
6/23/2021,36.464,1852,5380,83,11033,40869,1476
6/24/2021,36.446,1835,5380,83,11033,40869,1476
6/25/2021,36.546,1842,5380,83,11048,40869,1476
6/26/2021,36.242,1829,5381,83,11048,40877,1476
6/27/2021,36.262,1815,5385,83,11050,40887,1476
6/28/2021,36.446,1815,5385,83,11050,40896,1476
6/29/2021,36.15,1756,5387,84,11053,40885,1475
6/30/2021,36.148,1703,5388,84,11053,40875,1477
7/1/2021,36.266,1703,5389,84,11053,40864,1477
7/2/2021,36.274,1620,5390,84,11067,40853,1478
7/3/2021,36.10925,1612,5392,84,11069,40844,1477
7/4/2021,36.13925,1612,5392,84,11070,40836,1476
7/5/2021,36.20925,1584,5393,84,11072,40827,1476
7/6/2021,36.36125,1568,5394,84,11073,40818,1476
7/7/2021,36.33925,1584,5395,84,11075,40822,1458
7/8/2021,36.42525,1584,5395,84,11077,40824,1478
7/9/2021,36.22725,1567,5396,84,11082,40826,1477
7/10/2021,36.30525,1580,5396,84,11082,40828,1476
7/11/2021,36.69725,1583,5396,84,11101,40829,1475
7/12/2021,36.27125,1578,5397,84,11106,40831,1477
7/13/2021,36.37925,1584,5399,85,11108,40833,1477
7/14/2021,46.89325,1585,5399,85,11108,40835,1476
7/15/2021,36.20525,1576,5399,85,11120,40837,1476
7/16/2021,36.40725,1578,5401,85,11125,40839,1476
7/17/2021,36.2165,1573,5401,85,11127,40841,1475
7/18/2021,36.1745,1569,5404,85,11129,40841,1475
7/19/2021,36.4245,1577,5406,85,11130,40841,1475
7/20/2021,36.2185,1581,5407,85,11130,40841,1476
7/21/2021,36.3585,1579,5409,85,11130,40841,1476
7/22/2021,36.3065,1587,5410,85,11132,40841,1476
7/23/2021,36.3105,1587,5412,85,11132,40841,1476
7/24/2021,36.3445,1581,5411,85,11136,40841,1456
7/25/2021,36.2245,1558,5412,85,11140,40841,1475
7/26/2021,36.3785,1544,5412,85,11136,40841,1475
7/27/2021,36.3985,1546,5413,85,11137,40841,1475
7/28/2021,36.2785,1578,5416,85,11137,40862,1475
7/29/2021,41.5085,1601,5416,85,11137,40883,1475
7/30/2021,36.5465,1607,5416,85,11139,40904,1475
7/31/2021,36.2405,1592,5417,85,11139,40925,1475
8/1/2021,36.26575,1598,5421,85,11139,40946,1475
8/2/2021,36.33975,1598,5422,85,11140,40967,1475
8/3/2021,36.44175,1597,5422,85,11145,40988,1476
8/4/2021,36.30175,1597,5426,85,11145,41009,1476
8/5/2021,36.35575,1610,5429,85,11151,41030,1475
8/6/2021,36.32375,1621,5429,85,11151,41048,1475
8/7/2021,36.26375,1618,5431,85,11151,41066,1476
8/8/2021,36.19975,1623,5432,85,11163,41084,1476
8/9/2021,36.44775,1630,5433,85,11164,41101,1476
8/10/2021,36.25975,1633,5436,85,11170,41119,1476
8/11/2021,36.28175,1639,5437,85,11170,41137,1476
8/12/2021,36.19775,1637,5438,85,11173,41135,1476
8/13/2021,36.28975,1643,5441,85,11173,41139,1477
8/14/2021,41.72175,1647,5442,85,11175,41144,1479
8/15/2021,36.351,1648,5443,85,11175,41148,1480
8/16/2021,36.337,1647,5445,85,11175,41148,1480
8/17/2021,36.431,1653,5445,85,11175,41148,1481
8/18/2021,36.207,1652,5448,85,11182,41147,1481
8/19/2021,36.413,1675,5449,85,11182,41147,1481
8/20/2021,36.187,1675,5450,85,11182,41149,1481
8/21/2021,36.237,1679,5452,85,11182,41151,1481
8/22/2021,36.277,1667,5450,86,11182,41153,1481
8/23/2021,36.409,1672,5452,86,11182,41157,1480
8/24/2021,36.147,1673,5453,86,11195,41161,1478
8/25/2021,36.163,1650,5454,86,11213,41175,1479
8/26/2021,36.173,1636,5454,86,11215,41189,1479
8/27/2021,36.185,1623,5455,86,11218,41203,1479
8/28/2021,36.183,1625,5452,86,11218,41217,1479
8/29/2021,41.189,1608,5453,86,11222,41221,1479
8/30/2021,37.00225,1592,5454,86,11226,41226,1479
8/31/2021,36.23625,1583,5455,86,11226,41230,1479
9/1/2021,36.14425,1589,5455,86,11235,41234,1479
9/2/2021,36.42025,1573,5455,86,11236,41227,1479
9/3/2021,36.32825,1570,5457,86,11238,41219,1479
9/4/2021,36.29225,1577,5459,86,11238,41221,1479
9/5/2021,36.02825,1561,5458,86,11245,41216,1479
9/6/2021,36.21825,1550,5460,86,11246,41216,1479
9/7/2021,36.12425,1539,5459,86,11249,41216,1478
9/8/2021,36.19225,1532,5461,86,11253,41216,1477
9/9/2021,36.10225,1527,5461,86,11256,41223,1476
9/10/2021,36.22225,1530,5461,86,11256,41215,1477
9/11/2021,36.13825,1515,5461,86,11256,41216,1478
9/12/2021,36.04825,1513,5462,86,11256,41217,1478
9/13/2021,36.3755,1502,5462,86,11256,41217,1478
9/14/2021,40.9175,1487,5464,86,11256,41218,1477
9/15/2021,36.1055,1492,5463,86,11256,41219,1477
9/16/2021,36.2615,1467,5463,86,11275,41231,1477
9/17/2021,36.2775,1459,5464,86,11276,41227,1477
9/18/2021,36.1695,1449,5465,86,11278,41223,1479
9/19/2021,36.1215,1468,5467,86,11287,41218,1479
9/20/2021,36.1235,1457,5469,86,11289,41220,1478
9/21/2021,36.1715,1452,5467,86,11290,41216,1477
9/22/2021,36.0555,1464,5467,86,11295,41211,1477
9/23/2021,36.2175,1470,5468,86,11302,41207,1477
9/24/2021,36.2755,1472,5466,87,11304,41202,1477
9/25/2021,36.4575,1470,5467,87,11304,41198,1477
9/26/2021,36.1755,1486,5468,87,11308,41193,1477
9/27/2021,36.2435,1500,5468,88,11311,41189,1477
9/28/2021,36.15275,1495,5468,88,11311,41184,1459
9/29/2021,41.90875,1496,5468,89,11318,41180,1478
9/30/2021,36.13275,1492,5469,89,11318,41175,1478
10/1/2021,36.09475,1492,5468,89,11326,41171,1478
10/2/2021,36.23875,1485,5471,89,11335,41166,1479
10/3/2021,36.13675,1487,5472,89,11335,41174,1478
10/4/2021,35.94675,1503,5472,89,11339,41183,1478
10/5/2021,36.01675,1501,5475,89,11339,41191,1478
10/6/2021,36.13675,1473,5479,90,11341,41183,1477
10/7/2021,36.18275,1469,5479,90,11341,41176,1477
10/8/2021,36.17875,1465,5479,91,11348,41168,1478
10/9/2021,36.26275,1477,5480,91,11348,41159,1479
10/10/2021,36.08475,1478,5481,91,11355,41150,1479
10/11/2021,36.21875,1481,5481,91,11357,41150,1479
10/12/2021,36.218,1489,5482,91,11357,41149,1479
10/13/2021,36.128,1499,5482,91,11361,41148,1478
10/14/2021,40.628,1498,5482,91,11364,41146,1477
10/15/2021,36.156,1513,5481,91,11367,41145,1476
10/16/2021,36.116,1504,5481,91,11369,41143,1476
10/17/2021,36.094,1498,5480,91,11372,41142,1475
10/18/2021,36.186,1493,5481,91,11380,41140,1475
10/19/2021,36.176,1481,5484,91,11382,41139,1475
10/20/2021,36.178,1481,5488,91,11384,41137,1475
10/21/2021,36.226,1472,5488,91,11387,41136,1475
10/22/2021,36.238,1473,5487,91,11387,41134,1475
10/23/2021,36.164,1480,5489,91,11394,41131,1474
10/24/2021,36.248,1477,5490,91,11407,41129,1455
10/25/2021,36.114,1466,5490,91,11410,41126,1474
10/26/2021,36.164,1466,5491,91,11413,41124,1473
10/27/2021,36.16525,1448,5492,95,11420,41121,1453
10/28/2021,36.13725,1448,5491,98,11521,41118,1472
10/29/2021,41.08125,1445,5491,101,12679,41116,1472
10/30/2021,36.11925,1457,5491,107,13034,41113,1472
10/31/2021,36.18125,1456,5491,103,14373,41111,1472
11/1/2021,35.98525,1445,5493,104,16735,41108,1472
11/2/2021,36.25125,1453,5496,104,17043,41113,1472
11/3/2021,36.19725,1453,5494,106,18945,41118,1472
11/4/2021,36.18925,1466,5495,106,19519,41123,1473
11/5/2021,36.29125,1459,5495,105,20713,41128,1473
11/6/2021,36.15125,1468,5495,105,20760,41124,1473
11/7/2021,36.14325,1476,5494,105,20760,41130,1473
11/8/2021,36.12125,1466,5495,105,21619,41129,1474
11/9/2021,36.12325,1474,5495,105,21615,41129,1474
11/10/2021,36.1485,1465,5495,105,22109,41128,1472
11/11/2021,36.2825,1461,5494,107,22648,41128,1473
11/12/2021,36.1165,1466,5495,107,22648,41128,1473
11/13/2021,36.0985,1482,5496,107,23632,41117,1474
11/14/2021,42.8105,1478,5495,107,24192,41117,1474
11/15/2021,36.1445,1479,5498,107,24017,41110,1475
11/16/2021,36.0545,1490,5498,107,24588,41102,1475
11/17/2021,36.1625,1485,5497,107,25255,41095,1475
11/18/2021,36.1265,1487,5498,108,25587,41098,1475
11/19/2021,36.1325,1479,5499,108,25587,41100,1475
11/20/2021,36.0845,1469,5499,108,25587,41103,1475
11/21/2021,36.3725,1471,5499,108,25587,41106,1475
11/22/2021,37.1325,1470,5503,108,26519,41109,1475
11/23/2021,36.1605,1517,5503,109,28746,41111,1474
11/24/2021,36.1965,1608,5505,113,28746,41114,1475
11/25/2021,36.05375,1606,5506,116,29831,41119,1476
11/26/2021,36.27375,1602,5506,116,29831,41124,1477
11/27/2021,36.05175,1575,5509,117,30404,41129,1477
11/28/2021,36.00575,1575,5509,117,30977,41133,1477
11/29/2021,41.04175,1569,5509,117,32667,41138,1477
11/30/2021,36.24575,1563,5509,118,32780,41138,1477
12/1/2021,36.27575,1599,5510,119,34034,41138,1477
12/2/2021,36.28775,1596,5512,122,34936,41138,1477
12/3/2021,36.19575,1579,5510,122,34937,41138,1476
12/4/2021,2.20775,1561,5510,122,34937,41137,1476
12/5/2021,2.13775,1542,5510,122,37120,41136,1476
12/6/2021,2.21375,1535,5510,124,36940,41134,1476
12/7/2021,2.20375,1537,5511,124,37986,41133,1476
12/8/2021,2.21975,1542,5510,124,38251,41139,1476
12/9/2021,2.195,1536,5508,124,39036,41136,1476
12/10/2021,2.193,1534,5506,124,40226,41136,1456
12/11/2021,2.163,1515,5507,125,41492,41137,1475
12/12/2021,2.183,1510,5507,125,41492,41137,1475
12/13/2021,2.397,1501,5509,125,42961,41137,1475
12/14/2021,23.949,1497,5509,126,45492,41138,1475
12/15/2021,2.161,1502,5509,127,48530,41138,1456
12/16/2021,2.179,1491,5508,127,48530,41138,1475
12/17/2021,2.265,1494,5509,128,48505,41138,1475
12/18/2021,2.299,1507,5509,128,51100,41139,1475
12/19/2021,2.101,1503,5509,128,52695,41139,1474
12/20/2021,2.221,1508,5509,129,53101,41148,1474
12/21/2021,2.107,1481,5510,129,53101,41153,1474
12/22/2021,2.239,1373,5511,131,55720,41160,1476
12/23/2021,2.143,1367,5510,131,55720,41167,1476
12/24/2021,2.35825,1368,5512,132,55852,41173,1476
12/25/2021,1.99025,1377,5515,132,56889,41180,1475
12/26/2021,2.17225,1371,5516,132,57658,41187,1475
12/27/2021,2.30425,1357,5517,132,59530,41194,1475
12/28/2021,2.26025,1358,5519,132,60861,41200,1474
12/29/2021,38.51225,1333,5523,133,60926,41207,1474
12/30/2021,2.43625,1342,5524,133,60926,41205,1474
12/31/2021,2.29225,1372,5525,133,63010,41202,1474
1/1/2022,2.60225,1380,5526,133,63830,41200,1474
1/2/2022,2.14225,1387,5526,133,63420,41198,1475
1/3/2022,2.23625,1411,5529,133,65181,41226,1475
1/4/2022,2.31425,1407,5530,133,65181,41223,1475
1/5/2022,2.25425,1402,5530,133,64874,41219,1474
1/6/2022,2.29625,1439,5530,133,66402,41218,1474
1/7/2022,2.2515,1444,5530,133,66660,41216,1474
1/8/2022,2.2975,1449,5530,133,66706,41214,1475
1/9/2022,2.1755,1450,5532,133,66753,41214,1475
1/10/2022,2.2355,1451,5533,133,66799,41214,1475
1/11/2022,2.0735,1457,5533,133,66846,41215,1475
1/12/2022,2.0375,1449,5533,133,66892,41215,1475
1/13/2022,2.3315,1455,5533,133,66939,41215,1473
1/14/2022,35.4215,1437,5533,133,66985,41220,1473
1/15/2022,2.2075,1430,5532,133,67014,41222,1473
1/16/2022,2.1815,1417,5531,133,67048,41223,1474
1/17/2022,2.4075,1421,5532,133,67081,41225,1474
1/18/2022,2.3735,1426,5534,134,67124,41226,1454
1/19/2022,8.3415,1441,5535,136,67173,41227,1474
1/20/2022,2.2595,1459,5533,136,67223,41222,1474
1/21/2022,2.8055,1453,5533,136,67266,41222,1474
1/22/2022,2.23075,1458,5535,136,67327,41222,1476
1/23/2022,2.22675,1497,5536,137,67377,41223,1476
1/24/2022,2.32675,1510,5384,137,67421,41223,1476
1/25/2022,2.20275,1517,5385,139,67453,41223,1476
1/26/2022,2.25075,1519,5387,139,67483,41223,1476
1/27/2022,2.31675,1511,5386,140,67526,41222,1476
1/28/2022,2.21275,1496,5386,140,67569,41221,1476
1/29/2022,2.26675,1494,5386,140,67596,41219,1476
1/30/2022,2.15075,1486,4560,140,67651,41218,1477
1/31/2022,2.31475,1478,4560,140,67701,41239,1477
2/1/2022,2.25875,1487,4557,140,67741,41236,1477
2/2/2022,27.69075,1486,4557,140,67765,41234,1477
2/3/2022,2.45075,1471,4555,140,67798,41231,1477
2/4/2022,2.24475,1476,4555,140,67830,41229,1477
2/5/2022,2.352,1465,4556,142,67861,41226,1478
2/6/2022,2.29,1472,4556,143,67883,41223,1478
2/7/2022,2.242,1471,4556,143,67923,41221,1478
2/8/2022,2.474,1469,4555,143,67951,41218,1478
2/9/2022,11.178,1482,4554,144,67998,41214,1478
2/10/2022,2.362,1543,4554,144,68033,41211,1477
2/11/2022,2.392,1622,4554,144,68079,41207,1476
2/12/2022,2.188,1622,4555,145,68119,41207,1476
2/13/2022,2.148,1650,4555,145,68161,41207,1476
2/14/2022,2.158,1646,4556,145,68200,41206,1476
2/15/2022,2.168,1649,4557,145,68229,41206,1476
2/16/2022,21.586,1620,4557,145,68257,41205,1476
2/17/2022,2.41,1617,4556,145,68291,41205,1457
2/18/2022,2.14,1613,4555,145,68304,41204,1476
2/19/2022,2.168,1606,4555,145,68317,41204,1477
2/20/2022,2.13325,1562,4554,145,68333,41206,1477
2/21/2022,2.14125,1558,4555,145,68343,41208,1477
2/22/2022,2.18725,1560,4555,145,68355,41208,1476
2/23/2022,2.21525,1561,4554,145,68366,41206,1475
2/24/2022,2.09925,1575,4555,145,68373,41204,1475
2/25/2022,2.34925,1569,4555,148,68377,41202,1475
2/26/2022,2.33525,1560,4555,149,68399,41201,1475
2/27/2022,2.38125,1559,4556,149,68415,41199,1475
2/28/2022,3.18725,1564,4558,149,68428,41197,1475
3/1/2022,19.91725,1579,4558,149,68432,41195,1475
3/2/2022,2.30325,1645,4559,149,68435,41199,1475
3/3/2022,2.16925,1668,4558,149,68450,41203,1475
3/4/2022,2.14525,1664,4558,149,68465,41208,1475
3/5/2022,2.53125,1678,4558,149,68477,41212,1475
3/6/2022,2.3105,1670,4561,149,68486,41216,1475
3/7/2022,2.4205,1687,4562,149,68519,41220,1475
3/8/2022,2.2865,1695,4562,150,68549,41215,1474
3/9/2022,2.3005,1697,4563,150,68583,41217,1474
3/10/2022,13.1405,1644,4563,150,68603,41221,1474
3/11/2022,2.4205,1595,4565,150,68611,41211,1474
3/12/2022,2.5625,1574,4565,150,68625,41223,1475
3/13/2022,2.3105,1567,4568,149,68649,41217,1475
3/14/2022,2.3765,1561,4568,149,68653,41239,1476
3/15/2022,20.3025,1576,4570,149,68656,41240,1477
3/16/2022,2.4905,1578,4570,149,68662,41247,1477
3/17/2022,2.1325,1595,4570,149,68672,41249,1478
3/18/2022,2.4425,1585,4572,149,68682,41250,1479
3/19/2022,2.5065,1563,4572,149,68714,41310,1479
3/20/2022,2.5485,1566,4571,149,68722,41307,1479
3/21/2022,2.77175,1558,4571,149,68732,41321,1479
3/22/2022,2.30975,1546,4571,149,68754,41341,1479
3/23/2022,2.24775,1540,4571,149,68763,41357,1479
3/24/2022,2.44375,1536,4573,149,68771,41356,1479
3/25/2022,2.48775,1527,4573,149,68780,41357,1479
3/26/2022,2.68175,1554,4574,149,68789,41358,1479
3/27/2022,2.41175,1551,4578,149,68785,41359,1479
3/28/2022,2.40375,1543,4583,149,68799,41350,1479
3/29/2022,2.18375,1536,4584,149,68810,41341,1479
3/30/2022,19.17975,1472,4584,149,68813,41341,1479
3/31/2022,2.40375,1422,4584,149,68828,41337,1479
4/1/2022,2.69975,1403,4584,149,68837,41341,1480
4/2/2022,2.45175,1397,4584,149,68845,41333,1480
4/3/2022,2.40375,1401,4585,149,68854,41325,1480
4/4/2022,2.383,1373,4585,149,68878,41317,1479
4/5/2022,8.413,1358,4585,149,68881,41313,1479
4/6/2022,2.457,1342,4585,149,68891,41309,1480
4/7/2022,2.979,1339,4585,149,68893,41305,1481
4/8/2022,2.361,1340,4585,149,68900,41315,1481
4/9/2022,2.573,1351,4587,149,68911,41311,1481
4/10/2022,12.289,1346,4587,149,68916,41306,1481
4/11/2022,2.565,1349,4588,149,68925,41304,1481
4/12/2022,2.339,1344,4590,149,68932,41303,1481
4/13/2022,2.161,1333,4590,149,68940,41301,1481
4/14/2022,2.421,1316,4592,149,68948,41300,1482
4/15/2022,2.275,1305,4592,149,68956,41298,1482
4/16/2022,2.183,1322,4592,149,68970,41297,1483
4/17/2022,2.409,1311,4592,149,68977,41295,1482
4/18/2022,2.659,1311,4594,149,68992,41294,1484
4/19/2022,2.19025,1319,4595,149,68993,41319,1488
4/20/2022,19.12225,1314,4596,149,69002,41344,1488
4/21/2022,2.86625,1303,4596,149,69017,41369,1499
4/22/2022,2.15225,1288,4596,149,69022,41394,1500
4/23/2022,2.23825,1269,4598,149,69038,41419,1500
4/24/2022,2.09425,1259,4599,149,69046,41440,1500
4/25/2022,2.16025,1243,4599,149,69053,41461,1501
4/26/2022,2.30425,1242,4602,149,69058,41482,1500
4/27/2022,2.19825,1228,4603,149,69062,41503,1500
4/28/2022,2.20825,1226,4604,149,69072,41524,1501
4/29/2022,2.26625,1225,4606,149,69078,41545,1499
4/30/2022,2.31225,1225,4606,149,69084,41566,1500
5/1/2022,2.21025,1228,4607,149,69093,41587,1498
5/2/2022,2.15225,1216,4608,149,69098,41608,1498
5/3/2022,16.4535,1214,4610,149,69106,41628,1500
5/4/2022,2.2775,1216,4610,149,69114,41649,1499
5/5/2022,2.2415,1221,4610,150,69120,41670,1497
5/6/2022,2.4215,1210,4610,150,69122,41691,1497
5/7/2022,2.2095,1201,4611,150,69126,41712,1496
5/8/2022,2.1975,1193,4611,150,69130,41733,1496
5/9/2022,11.0135,1188,4611,150,69134,41754,1497
5/10/2022,2.2015,1200,4612,150,69140,41775,1497
5/11/2022,2.1495,1199,4612,150,69147,41796,1497
5/12/2022,2.2095,1187,4612,150,69167,41797,1497
5/13/2022,2.3595,1203,4612,150,69176,41798,1497
5/14/2022,2.2555,1193,4612,150,69178,41799,1497
5/15/2022,2.1435,1204,4612,150,69185,41800,1497
5/16/2022,2.2295,1209,4612,150,69197,41801,1496
5/17/2022,2.1555,1207,4612,150,69204,41809,1496
5/18/2022,18.5235,1219,4613,150,69215,41817,1496
5/19/2022,2.1715,1222,4615,150,69224,41825,1496
5/20/2022,2.3415,1232,4615,150,69228,41833,1496
5/21/2022,2.2595,1230,4615,150,69230,41840,1496
5/22/2022,2.0255,1233,4615,150,69234,41848,1496
5/23/2022,2.1695,1252,4615,150,69237,41856,1497
5/24/2022,2.2815,1252,4615,150,69251,41864,1497
5/25/2022,2.1375,1241,4615,150,69253,41872,1497
5/26/2022,2.1795,1240,4615,150,69255,41872,1497
5/27/2022,2.2095,1238,4615,150,69260,41871,1497
5/28/2022,2.3015,1239,4614,150,69276,41871,1497
5/29/2022,2.1715,1228,4614,150,69292,41870,1497
5/30/2022,2.2255,1237,4615,150,69311,41825,1497
5/31/2022,2.1715,1236,4615,150,69326,41844,1497
6/1/2022,21.6915,1241,4615,150,69333,41849,1497
6/2/2022,2.1915,1240,4615,150,69343,41854,1497
6/3/2022,2.1655,1245,4615,150,69346,41858,1498
6/4/2022,2.0935,1226,4615,150,69349,41863,1498
6/5/2022,2.2535,1237,4615,150,69352,41873,1498
6/6/2022,2.1975,1221,4616,150,69354,41882,1498
6/7/2022,2.2595,1226,4617,150,69360,41895,1497
6/8/2022,2.4715,1224,4617,150,69370,41909,1497
6/9/2022,11.5435,1232,4617,150,69374,41922,1497
6/10/2022,2.22875,1230,4617,150,69376,41921,1497
6/11/2022,2.16875,1227,4617,150,69379,41920,1497
6/12/2022,2.15275,1226,4619,150,69384,41919,1497
6/13/2022,2.13075,1220,4620,150,69390,41933,1497
6/14/2022,2.21675,1214,4620,150,69401,41964,1496
6/15/2022,18.97875,1218,4620,150,69405,41971,1497
6/16/2022,2.15875,1214,4620,150,69411,41978,1497
6/17/2022,2.10675,1221,4622,150,69418,41986,1496
6/18/2022,2.22675,1229,4622,150,69422,41993,1496
6/19/2022,2.10275,1212,4622,151,69427,42000,1496
6/20/2022,2.06675,1204,4623,151,69433,42007,1496
6/21/2022,2.22475,1200,4623,152,69438,42015,1496
6/22/2022,2.19875,1206,4624,154,69469,42022,1496
6/23/2022,2.33475,1190,4624,154,69500,42029,1497
6/24/2022,2.20875,1180,4625,154,69530,42036,1497
6/25/2022,2.09675,1170,4625,154,69564,42043,1497
6/26/2022,2.10875,1176,4628,154,69597,42051,1497
6/27/2022,2.11475,1162,4628,154,69617,42058,1497
6/28/2022,2.27075,1151,4630,154,69621,42065,1496
6/29/2022,20.38675,1141,4631,154,69626,42070,1496
6/30/2022,2.29275,1141,4632,154,69631,42075,1497
7/1/2022,2.24275,1139,4633,154,69636,42079,1496
7/2/2022,2.22675,1144,4633,154,69640,42084,1495
7/3/2022,2.35675,1124,4633,154,69642,42089,1495
7/4/2022,2.14475,1143,4633,154,69647,42094,1495
7/5/2022,2.17475,1138,4636,155,69654,42099,1495
7/6/2022,2.15275,1131,4637,155,69657,42103,1495
7/7/2022,2.13875,1135,4637,155,69662,42108,1495
7/8/2022,2.17875,1147,4637,155,69665,42113,1495
7/9/2022,2.12875,1148,4636,155,69667,42112,1496
7/10/2022,10.94725,1133,4637,155,69669,42112,1496
7/11/2022,2.22925,1129,4637,155,69677,42111,1495
7/12/2022,2.30325,1123,4639,155,69682,42111,1493
7/13/2022,2.30525,1123,4639,155,69682,42110,1493
7/14/2022,2.24125,1115,4639,155,69682,42110,1493
7/15/2022,2.21725,1112,4640,157,69683,42109,1493
7/16/2022,2.14525,1109,4641,157,69693,42112,1493
7/17/2022,2.16125,1119,4641,157,69704,42115,1492
7/18/2022,2.17725,1119,4641,157,69713,42118,1491
7/19/2022,2.22525,1130,4644,157,69721,42121,1490
7/20/2022,2.24925,1120,4645,157,69725,42124,1490
7/21/2022,2.33125,1127,4646,157,69729,42126,1490
7/22/2022,2.14125,1130,4647,157,69731,42129,1490
7/23/2022,2.20925,1131,4648,157,69738,42132,1491
7/24/2022,93.93125,1131,4647,157,69741,42135,1491
7/25/2022,1.94925,1146,4649,157,69744,42138,1491
7/26/2022,1.98925,1147,4649,157,69749,42141,1491
7/27/2022,2.03325,1141,4649,157,69752,42141,1491
7/28/2022,2.08325,1134,4650,157,69756,42142,1490
7/29/2022,1.98725,1144,4650,157,69759,42142,1490
7/30/2022,1.96325,1155,4649,157,69763,42142,1490
7/31/2022,2.00125,1160,4650,157,69766,42144,1491
8/1/2022,1.85525,1147,4650,157,69774,42145,1491
8/2/2022,1.99325,1144,4651,157,69776,42147,1491
8/3/2022,2.44325,1128,4651,157,69780,42149,1491
8/4/2022,1.89125,1135,4652,157,69783,42155,1491
8/5/2022,1.91325,1125,4652,157,69787,42161,1490
8/6/2022,2.02325,1120,4652,157,69791,42167,1489
8/7/2022,1.84125,1130,4654,157,69794,42174,1489
8/8/2022,2.01925,1139,4654,158,69798,42180,1490
8/9/2022,1.98725,1142,4653,158,69801,42186,1490
8/10/2022,42.62175,1144,4654,158,69811,42192,1490
8/11/2022,1.94375,1142,4654,158,69816,42192,1490
8/12/2022,2.00775,1150,4654,158,69820,42192,1490
8/13/2022,1.95575,1152,4655,158,69833,42192,1491
8/14/2022,1.92775,1152,4656,158,69846,42193,1490
8/15/2022,1.87375,1145,4656,158,69850,42193,1491
8/16/2022,2.05775,1149,4658,158,69853,42193,1490
8/17/2022,2.61175,1160,4659,158,69858,42193,1490
8/18/2022,1.97775,1159,4659,158,69866,42193,1490
8/19/2022,1.96175,1161,4659,158,69868,42193,1491
8/20/2022,1.90375,1158,4660,158,69874,42193,1491
8/21/2022,1.97575,1158,4660,158,69878,42193,1490
8/22/2022,1.91975,1132,4659,158,69889,42194,1490
8/23/2022,1.94375,1136,4660,158,69892,42194,1490
8/24/2022,1.91375,1137,4661,158,69895,42194,1490
8/25/2022,2.20975,1132,4660,158,69896,42194,1490
8/26/2022,1.98575,1119,4659,158,69905,42194,1490
8/27/2022,1.90375,1107,4658,158,69908,42194,1490
8/28/2022,1.92175,1099,4659,158,69911,42184,1490
8/29/2022,1.85175,1103,4659,158,69914,42181,1490
8/30/2022,2.30375,1099,4661,158,69917,42181,1490
8/31/2022,1.94375,1108,4661,158,69921,42173,1489
9/1/2022,2.00775,1102,4661,158,69925,42173,1489
9/2/2022,1.96375,1107,4659,158,69932,42162,1489
9/3/2022,1.79975,1108,4660,158,69939,42153,1489
9/4/2022,1.97575,1106,4660,158,69943,42150,1489
9/5/2022,2.00375,1084,4649,158,69945,42150,1489
9/6/2022,2.07375,1077,4652,158,69949,42131,1488
9/7/2022,2.12975,1082,4653,158,69954,42121,1488
9/8/2022,1.93775,1086,4655,158,69956,42125,1488
9/9/2022,1.96375,1086,4655,158,69965,42120,1488
9/10/2022,34.79625,1088,4656,159,69966,42120,1488
9/11/2022,1.97025,1080,4656,159,69976,42114,1488
9/12/2022,1.96425,1084,4656,159,69980,42110,1488
9/13/2022,1.90625,1074,4658,159,69981,42113,1488
9/14/2022,1.94225,1070,4658,160,70003,42113,1488
9/15/2022,1.95025,1055,4659,160,70030,42107,1488
9/16/2022,2.03225,1054,4659,160,70036,42107,1487
9/17/2022,1.94825,1058,4659,160,70040,42104,1487
9/18/2022,1.99425,1073,4659,160,70044,42103,1487
9/19/2022,1.95025,1071,4659,160,70050,42101,1486
9/20/2022,1.98825,1070,4660,160,70057,42100,1486
9/21/2022,2.47825,1069,4660,160,70060,42101,1485
9/22/2022,1.92025,1058,4659,160,70066,42091,1485
9/23/2022,1.86425,1061,4659,160,70096,42091,1485
9/24/2022,1.91425,1059,4661,225,70102,42091,1484
9/25/2022,1.92625,1062,4663,350,71506,42087,1484
9/26/2022,1.90825,1059,4663,448,74361,42082,1484
9/27/2022,1.88225,1062,4663,523,77633,42088,1483
9/28/2022,1.96025,1070,4663,580,81582,42088,1480
9/29/2022,2.00025,1067,4663,637,82913,42090,1480
9/30/2022,1.99825,1057,4664,695,84245,42090,1480
10/1/2022,1.89225,1059,4665,752,85576,42055,1480
10/2/2022,1.81825,1048,4667,781,86035,42084,1480
10/3/2022,1.90625,1063,4667,783,85836,42084,1480
10/4/2022,3.07225,1061,4667,783,85847,42050,1481
10/5/2022,1.93625,1058,4669,783,85851,42052,1483
10/6/2022,2.25425,1055,4669,783,85858,42052,1483
10/7/2022,1.92425,1058,4669,783,85865,42030,1482
10/8/2022,1.86225,1050,4669,784,85861,42030,1482
10/9/2022,1.92425,1041,4671,784,85871,42035,1482
10/10/2022,84.3755,1017,4671,784,85877,42035,1483
10/11/2022,2.0235,1016,4672,875,85878,42035,1483
10/12/2022,1.9695,1021,4672,978,90897,42037,1483
10/13/2022,1.9255,1036,4673,1070,96160,42038,1483
10/14/2022,1.9755,1036,4674,1090,96257,42040,1484
10/15/2022,2.1655,1018,4674,1090,96299,42042,1484
10/16/2022,1.8575,1006,4675,1090,96298,42043,1485
10/17/2022,1.9335,1012,4675,1090,96301,42045,1484
10/18/2022,1.9755,1006,4674,1090,96304,42046,1483
10/19/2022,3.5055,1007,4674,1090,96310,42048,1483
10/20/2022,1.9375,998,4675,1030,96313,42050,1483
10/21/2022,2.0195,996,4678,1030,96314,42051,1483
10/22/2022,2.2535,989,4679,1000,95692,42053,1483
10/23/2022,1.8195,1005,4678,1000,95524,42055,1483
10/24/2022,1.8555,1004,4679,1000,95527,42056,1483
10/25/2022,1.9935,998,4679,1000,95533,42058,1483
10/26/2022,1.9275,990,4678,1000,95538,42059,1483
10/27/2022,1.9775,997,4678,1000,95541,42061,1483
10/28/2022,1.8655,1004,4678,1000,95544,42061,1483
10/29/2022,1.8795,1006,4679,1000,95545,42061,1482
10/30/2022,1.8155,996,4680,1000,95547,42062,1483
10/31/2022,1.8895,999,4681,1000,95548,42063,1485
11/1/2022,2.8595,1006,4682,1000,95551,42064,1484
11/2/2022,1.8175,1011,4683,1000,95552,42065,1485
11/3/2022,1.9675,1002,4683,1000,95558,42066,1485
11/4/2022,1.9815,993,4686,1000,95560,42067,1484
11/5/2022,1.9255,997,4686,1000,95564,42068,1484
11/6/2022,1.8775,1002,4687,1000,95567,42069,1485
11/7/2022,1.9735,1006,4687,1000,95571,42070,1484
11/8/2022,2.0435,1010,4687,1000,95572,42072,1481
11/9/2022,1.9755,992,4687,1000,95573,42073,1481
11/10/2022,45.26075,984,4688,1000,95575,42074,1482
11/11/2022,1.98275,1005,4688,1000,95583,42075,1480
11/12/2022,1.98275,1007,4687,1000,95583,42076,1480
11/13/2022,1.87075,1006,4689,1000,95596,42077,1480
11/14/2022,2.03075,1004,4691,1000,95612,42078,1481
11/15/2022,2.02475,1005,4691,1000,95617,42079,1480
11/16/2022,2.33475,1011,4691,1000,95620,42080,1480
11/17/2022,2.15275,1018,4691,1000,95629,42081,1481
11/18/2022,1.95675,1015,4691,1000,95637,42082,1481
11/19/2022,1.98475,1018,4690,1000,95643,42082,1480
11/20/2022,1.85475,1005,4692,1000,95659,42082,1480
11/21/2022,1.95275,1000,4691,1000,95670,42088,1478
11/22/2022,2.18075,997,4690,1000,95682,42093,1478
11/23/2022,2.01275,1005,4691,1000,95687,42099,1477
11/24/2022,1.96675,1030,4691,1000,95706,42104,1478
11/25/2022,2.14275,1033,4691,1000,95724,42110,1477
11/26/2022,2.18875,1029,4694,1000,95731,42115,1477
11/27/2022,2.18475,1036,4694,1000,95736,42121,1477
11/28/2022,2.32275,1037,4694,1000,95740,42126,1478
11/29/2022,2.23275,1043,4694,1000,95744,42132,1479
11/30/2022,2.99875,1057,4694,1000,95750,42137,1479
12/1/2022,2.10275,1072,4693,1000,95759,42137,1479
12/2/2022,2.09275,1078,4693,1000,95767,42137,1479
12/3/2022,2.10675,1084,4697,1000,95784,42137,1480
12/4/2022,2.04475,1090,4697,1000,95799,42139,1481
12/5/2022,2.06675,1095,4698,1000,95807,42142,1479
12/6/2022,1.95875,1101,4701,1000,95813,42144,1479
12/7/2022,2.27275,1107,4703,1000,95820,42146,1479
12/8/2022,2.12875,1113,4706,1000,95827,42149,1481
12/9/2022,2.11875,1104,4710,1000,95830,42151,1481
12/10/2022,45.14975,1094,4714,1000,95833,42153,1480
12/11/2022,2.38975,1122,4716,1000,95839,42156,1482
12/12/2022,2.16175,1117,4718,1000,95843,42158,1481
12/13/2022,2.02975,1136,4720,1000,95848,42160,1462
12/14/2022,2.17175,1140,4720,1000,95851,42163,1481
12/15/2022,1.96775,1129,4720,1000,95855,42165,1481
12/16/2022,2.18175,1122,4723,1000,95871,42167,1480
12/17/2022,2.05975,1117,4724,1000,95873,42170,1480
12/18/2022,1.81975,1127,4725,1000,95874,42172,1481
12/19/2022,1.94375,1119,4725,1000,95879,42174,1481
12/20/2022,2.06775,1117,4728,1000,95882,42177,1481
12/21/2022,2.34375,1121,4729,1000,95890,42179,1481
12/22/2022,1.89975,1117,4729,1000,95895,42179,1481
12/23/2022,1.94375,1118,4729,1000,95904,42179,1481
12/24/2022,1.93375,1126,4728,1000,95907,42179,1482
12/25/2022,2.05775,1134,4729,1000,95914,42182,1482
12/26/2022,1.99375,1128,4731,1000,95915,42185,1483
12/27/2022,1.88975,1141,4734,1000,95919,42188,1482
12/28/2022,2.71175,1132,4738,1000,95921,42191,1482
12/29/2022,2.00375,1135,4740,1000,95925,42193,1482
12/30/2022,1.89575,1145,4740,1000,95927,42196,1484
12/31/2022,2.11575,1144,4742,1000,95932,42199,1484
